praef.1	Ὅσοις τῶν ἀνθρώπων ἐκ τῆς αὑτῶν ὁρμωμένοις χώρας ὑπερόριοί τε ἀγῶνες καὶ κίνδυνοι συμβαίνουσιν, ἄν τι σφάλμα γένηται κατὰ γῆν ἢ κατὰ θάλασσαν, ὑπολείπεται τοῖς περιγιγνομένοις αὐτῶν οἰκεία τε χώρα καὶ πόλις καὶ πατρίς, ὥστε οὐκ ἂν ἄρδην πάντες ἀναιρεθείησαν· 
praef.2	τοῖς δὲ ὑπὲρ τῶν μεγίστων μέλλουσι κινδυνεύειν, ἱερῶν καὶ πατρίδος καὶ γονέων καὶ τέκνων καὶ τῶν ἄλλων, οὐκ ἴσος οὐδὲ ὅμοιος ἀγών ἐστιν, ἀλλὰ σωθεῖσι μὲν καὶ καλῶς ἀμυναμένοις τοὺς πολεμίους φοβεροὺς τοῖς ἐναντίοις καὶ δυσεπιθέτους εἰς τὸν λοιπὸν χρόνον εἶναι, κακῶς δὲ προσενεχθεῖσι πρὸς τοὺς κινδύνους οὐδεμία ἐλπὶς σωτηρίας ὑπάρξει. 
praef.3	τοὺς οὖν ὑπὲρ τοσούτων καὶ τοιούτων μέλλοντας ἀγωνίζεσθαι οὐδεμιᾶς παρασκευῆς καὶ προθυμίας ἐλλιπεῖς εἶναι δεῖ, ἀλλὰ πολλῶν καὶ παντοίων ἔργων πρόνοιαν ἑκτέον, ὅπως διά γε αὑτοὺς μηδὲν φανῶσι σφαλέντες· 
praef.4	ἂν δὲ ἄρα τι σύμπτωμα γένηται, ἀλλʼ οἵ γε λοιποὶ τὰ ὑπάρχοντα εἰς ταὐτό ποτε καταστήσαιεν ἄν, καθάπερ τινὲς τῶν Ἑλλήνων εἰς τὸ ἔσχατον ἀφικόμενοι πάλιν ἀνέλαβον ἑαυτούς.
1.1	Τὴν οὖν τῶν σωμάτων σύνταξιν σκεψαμένους πρὸς τὸ μέγεθος τῆς πόλεως καὶ τὴν διάθεσιν τοῦ ἄστεος καὶ τῶν φυλάκων τὰς καταστάσεις καὶ περιοδίας, καὶ ὅσα ἄλλα σώμασι κατὰ τὴν πόλιν χρηστέον, πρὸς ταῦτα τοὺς μερισμοὺς ποιητέον. 
1.2	τοὺς μὲν γὰρ ἐκπορευομένους δεῖ συντετάχθαι πρὸς τοὺς ἐν τῇ πορείᾳ τόπους, ὡς χρὴ πορεύεσθαι παρά τε τὰ ἐπικίνδυνα χωρία καὶ ἐρυμνὰ καὶ στενόπορα καὶ πεδινὰ καὶ ὑπερδέξια καὶ ἐνεδρευτικά, καὶ τὰς τῶν ποταμῶν διαβάσεις καὶ τὰς ἐκ τῶν τοιούτων παρατάξεις· 
1.3	τὰ δὲ τειχήρη καὶ πολιτοφυλακήσοντα πρὸς μὲν τὰ τοιαῦτα οὐδὲν δεῖ συντετάχθαι, πρὸς δὲ τοὺς ἐν τῇ πόλει τόπους καὶ τὸν παρόντα κίνδυνον. 
1.4	πρῶτον μὲν οὖν αὐτῶν ἀπονεῖμαι δεῖ τοὺς φρονιμωτάτους τε καὶ ἐμπείρους μάλιστα πολέμου, οἳ περὶ τοὺς ἄρχοντας ἔσονται· 
1.5	ἔπειτα λοιπὸν ἀπολέγειν σώματα τὰ δυνησόμενα μάλιστα πονεῖν, καὶ μερίσαντα λοχίσαι, ἵνα εἴς τε τὰς ἐξόδους καὶ τὰς κατὰ πόλιν περιοδίας καὶ τὰς τῶν πονουμένων βοηθείας ἢ εἴς τινα ἄλλην ὁμότροπον ταύταις λειτουργίαν ὑπάρχωσιν οὗτοι προτεταγμένοι τε καὶ δυνατοὶ ὄντες ὑπηρετεῖν. 
1.6	εἶναι δὲ αὐτοὺς εὔνους τε καὶ τοῖς καθεστηκόσι πράγμασιν ἀρεσκομένους· μέγα γὰρ πρὸς τὰς τῶν ἄλλων ἐπιβουλὰς τοιοῦτο ἀθρόον ὑπάρχον ἀντʼ ἀκροπόλεως· φόβος γὰρ ἂν εἴη τοῖς ἐναντία θέλουσιν ἐν τῇ πόλει. 
1.7	ἡγεμὼν δὲ καὶ ἐπιμελητὴς αὐτῶν ἔστω τά τε ἄλλα φρόνιμος καὶ εὔρωστος, καὶ ᾧ ἂν πλεῖστοι κίνδυνοι εἶεν μεταβολῆς γενομένης. 
1.8	τῶν δὲ λοιπῶν τοὺς ῥωμαλεωτάτους ἡλικίᾳ καὶ νεότητι ἐκλέξαντα ἐπὶ τὰς φυλακὰς καθιστάναι καὶ τὰ τείχη, τὸ δὲ περιὸν πλῆθος μερίσαντα πρὸς τὸ μῆκος τῶν νυκτῶν καὶ τῶν φυλάκων τὸ πλῆθος κατανεῖμαι, 
1.9	τῶν δὲ ὄχλων τοὺς μὲν εἰς τὴν ἀγοράν, τοὺς δὲ εἰς τὸ θέατρον, τοὺς δὲ ἄλλους εἰς τὰς οὔσας ἐν τῇ πόλει εὐρυχωρίας, ἵνα μηδὲν ἔρημον ᾖ εἰς δύναμιν τῆς πόλεως.
2.1	Ἄριστον δὲ τὰς ἀχρείους οὔσας εὐρυχωρίας ἐν τῇ πόλει, ἵνα μὴ σωμάτων εἰς αὐτὰς δέῃ, τυφλοῦν ταφρεύοντα καὶ ὡς μάλιστα ἀβάτους ποιοῦντα τοῖς νεωτερίζειν βουλομένοις καὶ προκαταλαμβάνειν αὐτάς.
2.2	Λακεδαιμόνιοι δὴ Θηβαίων ἐμβαλόντων ἔκ τε τῶν ἐγγυτάτω οἰκιῶν διαλύοντες καὶ ἐκ τῶν αἱμασιῶν καὶ τειχίων ἄλλοι κατʼ ἄλλους τόπους φορμοὺς γῆς καὶ λίθων πληροῦντες, φασὶν δὲ καὶ τοῖς ἐκ τῶν ἱερῶν χαλκοῖς τρίποσιν, ὄντων πολλῶν καὶ μεγάλων, χρησάμενοι καὶ τούτοις προαποπληρώσαντες τάς τε εἰσβολὰς καὶ τὰς διόδους καὶ τὰ εὐρύχωρα τοῦ πολίσματος ἐκώλυσαν τοὺς εἰσβάλλειν ἐπιχειροῦντας εἰς αὐτὸ τὸ πόλισμα. 
2.3	Πλαταιεῖς δὲ ἐπεὶ ᾔσθοντο νυκτὸς ἐν τῇ πόλει Θηβαίους ὄντας, κατανοήσαντες οὐ πολλοὺς αὐτοὺς ὄντας οὐδὲ ἔργων τῶν προσηκόντων ἁπτομένους, οἰομένους γε μέντοι κατέχειν τὴν πόλιν, ἐνόμισαν ἐπιθέμενοι ῥᾳδίως κρατήσειν. τεχνάζουσιν οὖν εὐθέως τοιόνδε. 
2.4	τῶν ἀρχόντων οἱ μὲν ὁμολογίας ἐποιοῦντο τοῖς Θηβαίοις ἐν τῇ ἀγορᾷ, οἱ δὲ παρήγγελλον κρύφα τοῖς ἄλλοις πολίταις σποράδην μὲν ἐκ τῶν οἰκιῶν μὴ ἐξιέναι, καθʼ ἕνα δὲ καὶ δύο τοὺς κοινοὺς τοίχους διορύττοντας λαθραίως παρʼ ἀλλήλους ἀθροίζεσθαι. 
2.5	ἑτοιμασθέντος δὲ πλήθους ἀξιομάχου τὰς μὲν διόδους καὶ τὰς ῥύμας ἐτύφλωσαν ἁμάξαις ἄνευ ὑποζυγίων, ἀπὸ δὲ σημείου ἀθροισθέντες ἐφέροντο ἐπὶ τοὺς Θηβαίους. 
2.6	ἅμα δὲ τούτοις τὰ γύναια καὶ οἱ οἰκέται ἦσαν ἐπὶ τοῖς κεράμοις, ὥστε βουλομένων τῶν Θηβαίων πράσσειν καὶ ἀμύνεσθαι ἐν σκότει, οὐκ ἐλάττω ὑπὸ τῶν ἁμαξῶν βλάβην ἢ ὑπὸ τῶν προσκειμένων αὐτοῖς ἀνθρώπων γενέσθαι. οἱ μὲν γὰρ ἔφευγον ἄπειροι ὄντες ᾗ χρὴ σωθῆναι διὰ τὰς φράξεις τῶν ἁμαξῶν, οἱ δὲ ἐμπείρως διώκοντες ταχὺ πολλοὺς ἔφθειραν. 
2.7	Ἐξοιστέον δὲ καὶ τὰ ὑπεναντία τούτοις, ὡς μιᾶς μὲν οὔσης εὐρυχωρίας κίνδυνον εἶναι τοῖς ἐν τῇ πόλει, ἂν προκαταλαμβάνωσιν οἱ ἐπιβουλεύοντες· κοινοῦ γὰρ καὶ ἑνὸς ὄντος τόπου τοιούτου τῶν φθασάντων ἂν εἴη τὸ ἔργον. δύο δὲ ἢ τριῶν ὄντων τοιῶνδε τόπων, τάδε ἂν εἴη τὰ ἀγαθά· 
2.8	εἰ μὲν ἕνα ἢ δύο καταλαμβάνοιεν τόπους, τὸν λοιπὸν ἂν τοῖς ἐναντίοις ὑπάρχειν· εἰ δὲ πάντας, χωρισθέντες ἂν καὶ μερισθέντες ἀσθενεστέρως διακέοιντο πρὸς τοὺς ὑπεναντίους ἀθρόους ὄντας, εἰ μὴ ἑκάστῳ μέρει ὑπερέχοιεν τῶν ἐν τῇ πόλει. ὡς δὲ αὕτως καὶ κατὰ τῶν ἄλλων πάντων θελημάτων χρὴ τὰ ἐνόντα ὑπεναντία τοῖς προγεγραμμένοις ὑπονοεῖν, ἵνα μὴ ἀπερισκέπτως τι ἕτερον αἱρῇ. 
3.1	Ἐκ προσφάτου δὲ ἐγγιγνομένου φόβου ἀσυντάκτῳ πόλει, τάχιστα ἄν τις εἰς σύνταξιν καὶ φυλακὴν τῆς πόλεως τοὺς πολίτας καταστήσαι, εἰ ἑκάστῃ φυλῇ μέρος τι τοῦ τείχους κλήρῳ ἀποδείξειεν, ἐφʼ ᾧ ἐλθοῦσαι εὐθὺς αἱ φυλαὶ φυλάξουσιν. κατὰ πολυπλήθειαν δὲ φυλῆς ἑκάστης τὸ μέγεθος τοῦ τείχους φυλαττόντων. 
3.2	ἔπειτα οὕτως ἀφʼ ἑκάστης φυλῆς τοὺς δυναμένους τοῖς σώμασι πονέσαι ἀπολέγειν εἴς τε τὴν ἀγορὰν καὶ τὰς περιοδίας, καὶ εἴ τι ἄλλο δεῖ χρῆσθαι τοῖς τοιούτοις ἀνθρώποις. 
3.3	ὁμοτρόπως δὲ καὶ φρουρίου ὑπὸ συμμάχων φρουρουμένου μέρος τι τοῦ τείχους τῶν συμμάχων ἑκάστοις ἀποδιδόσθω φυλάττειν. ἐὰν δὲ πολῖται ἐν ὑποψίᾳ πρὸς ἀλλήλους ὦσιν, κατὰ ἀνάβασιν ἑκάστην τοῦ τείχους δεῖ ἐπιστῆσαι ἄνδρας πιστούς, οἳ κωλυταὶ ἔσονται, ἄν τις ἐπιχειρῇ ἄλλος ἀναβαίνειν. 
3.4	ἐν εἰρήνῃ δὲ καὶ ὧδε χρὴ συντετάχθαι τοὺς πολίτας. πρῶτον μὲν ῥύμης ἑκάστης ἀποδεῖξαι ῥυμάρχην ἄνδρα τὸν ἐπιεικέστατόν τε καὶ φρονιμώτατον, πρὸς ὅν, ἐάν τι ἀπροσδοκήτως νυκτὸς γένηται, συναθροισθήσονται. 
3.5	χρὴ δὲ τὰς ἐγγυτάτας ῥύμας τῆς ἀγορᾶς εἰς τὴν ἀγορὰν ἄγειν τοὺς ῥυμάρχας, τοῦ δὲ θεάτρου τὰς ἐγγυτάτω ῥύμας εἰς τὸ θέατρον, εἴς τε τὰς ἄλλας ἕκαστον ἐγγύτατα εὐρυχωρίας ἀθροίζεσθαι τοὺς ῥυμάρχας μετὰ τῶν ἐξενεγκαμένων παρʼ αὐτοὺς τὰ ὅπλα· 
3.6	οὕτω γὰρ ἂν τάχιστα ἔς τε τοὺς προσήκοντας ἕκαστοι τόπους ἀφίκοιντο καὶ ἐγγυτάτω τῶν σφετέρων οἴκων εἶεν, διαπέμποιέν τε ἂν οἰκονομοῦντες πρὸς τοὺς κατʼ οἶκον, τέκνα καὶ γυναῖκας, οὐ πρόσω αὐτῶν διατελοῦντες. τῶν τε ἀρχόντων δεῖ προκεκληρῶσθαι εἰς ὃν ἕκαστοι τόπον ἐλθόντες τῶν συλλεγέντων ἐπὶ τὰ χείλη ἀποστελοῦσι· καὶ τῶν λοιπῶν ἕνεκα ἐπιμελείας ἡγεμόνες ἔσονται, ἄνπερ εὐθὺς ἡγεμονεύσωσιν ὧδε. 
4.1	Εὐθύτατα δεῖ αὐτοῖς πεποιῆσθαι σύσσημα, ἀφʼ ὧν μὴ ἀγνοήσουσι τοὺς προσιόντας αὐτοῖς· ἤδη γὰρ τοιόνδε συνέβη. Χαλκὶς ἡ ἐν Εὐρίπῳ κατελήφθη ὑπὸ φυγάδος ὁρμωμένου ἐξ Ἐρετρίας, τῶν ἐν τῇ πόλει τινὸς τεχνασαμένου τοιόνδε. 
4.2	κατὰ τὸ ἐρημότατον τῆς πόλεως καὶ πύλας οὐκ ἀνοιγομένας ἔχων ἔφερεν πυργάστρην, ἣν φυλάσσων τὰς ἡμέρας καὶ τὰς νύκτας ἔλαθεν νυκτὸς τὸν μοχλὸν διαπρήσας καὶ δεξάμενος ταύτῃ στρατιώτας. 
4.3	ἀθροισθέντων δὲ ἐν τῇ ἀγορᾷ ὡς δισχιλίων ἀνδρῶν ἐσημάνθη τὸ πολεμικὸν σπουδῇ. πολλοὶ δὲ τῶν Χαλκιδέων δι’ ἄγνοιαν ἀπόλλυνται· οἱ γὰρ ἐκφοβηθέντες ἐτίθεντο φέροντες τὰ ὅπλα πρὸς τοὺς πολεμίους ὡς πρὸς φιλίους, αὐτὸς ἕκαστος δοκῶν ὕστερος παραγίγνεσθαι. 
4.4	οὕτως οὖν καθʼ ἕνα καὶ δύο οἱ πλεῖστοι ἀπώλλυντο, μέχρι χρόνῳ ὕστερον ἔγνωσαν τὸ συμβαῖνον, τῆς πόλεως ἤδη κατεχομένης. 
4.5	πολεμοῦντα οὖν χρὴ καὶ ἐγγὺς ὄντων τῶν πολεμίων, πρῶτον μὲν τὰ ἀποστελλόμενα ἐκ τῆς πόλεως κατὰ γῆν ἢ κατὰ θάλατταν ἐπί τινα πρᾶξιν πρὸς τοὺς ὑπομένοντας μετὰ συσσήμων ἀποστέλλεσθαι καὶ ἡμερινῶν καὶ νυκτερινῶν, ἵνα μὴ ἀγνοῶσι πολεμίων αὐτοῖς ἐπιφαινομένων, εἰ φίλιοι ἢ πολέμιοί εἰσιν· 
4.6	ἐπὶ δὲ πρᾶξιν πορευθέντων καὶ πέμπειν τινὰς γνωσομένους, ἵνα καὶ τὰ τοιαῦτα ὡς ἐκ πλείστου τῶν ἀπόντων οἱ ὑπομένοντες εἰδῶσιν· μέγα γὰρ ἂν φέροι πρὸς τὸ μέλλον ἐκ πλείονος παρασκευάζεσθαι. 
4.7	τοῖς δὲ μὴ οὕτω πράττουσιν ἃ συμβέβηκεν ἐμφανισθήσεται τινῶν ἤδη γενομένων, ἃ ἐπὶ παραδείγματος καὶ μαρτυρίου καθαροῦ παραλέγηται. 
4.8	Πεισιστράτῳ γὰρ Ἀθηναίων στρατηγοῦντι ἐξηγγέλθη ὅτι οἱ ἐκ Μεγάρων οἱ ἐπιχειροῖεν ἀφικόμενοι πλοίοις ἐπιθέσθαι νυκτὸς ταῖς τῶν Ἀθηναίων γυναιξὶν θεσμοφόρια ἀγούσαις ἐν Ἐλευσῖνι· ὁ δὲ Πεισίστρατος ἀκούσας προενήδρευσεν. 
4.9	ἐπεὶ δὲ οἱ ἐκ τῶν Μεγάρων ὡς λεληθότες ἀπέβησαν καὶ ἀπὸ τῆς θαλάττης ἐγένοντο, ἐξαναστὰς ὁ Πεισίστρατος τῶν ἐνεδρευθέντων τε ἀνδρῶν ἐκράτησεν καὶ διέφθειρεν τοὺς πλείστους, καὶ τῶν πλοίων οἷς ἀφίκοντο ἐγκρατὴς ἐγένετο. 
4.10	ἔπειτα παραχρῆμα τοῖς ἑαυτοῦ στρατιώταις πληρώσας τὰ πλοῖα ἔλαβε τῶν γυναικῶν τὰς ἐπιτηδειοτάτας συμπλεῦσαι, καὶ κατήγετο εἰς τὰ Μέγαρα ὀψὲ ἀπωτέρω τῆς πόλεως. 
4.11	κατιδόντες οὖν τὰ πλοῖα προσπλέοντα ἀπήντων πολλοὶ τῶν Μεγαρέων, αἵ τε συναρχίαι καὶ οἱ ἄλλοι, θεώμενοι ὡς εἰκὸς αἰχμαλώτους ἀγομένας ὡς πλείστας καὶ μετʼ ἐγχειριδίων ἀποβάντες τοὺς μὲν καταβαλεῖν, ὅσους δὲ ἂν δύναιντο τῶν ἐπιφανεστάτων συναρπάζειν εἰς τὰ πλοῖα. 
4.12	καὶ οὕτως ἐπράχθη. δῆλον οὖν ὅτι μετὰ συσσήμων καὶ μὴ ἀγνοουμένων πρὸς ἀλλήλους, τὰς ἀθροίσεις καὶ τὰς πέμψεις δεῖ ποιεῖσθαι. 
5.1	Ἔπειτα πυλωροὺς καθεστάναι μὴ τοὺς τυχόντας ἀλλὰ φρονίμους καὶ ἀγχίνους, καὶ δὴ ὑπονοεῖν δυναμένους ἀεί τι τῶν εἰσκομιζομένων, ἔτι δὲ καὶ εὐπόρους καὶ οἷς ἐνέχυρα ἐν τῇ πόλει ὑπάρχει, τέκνα καὶ γυναῖκα λέγω, ἀλλὰ μὴ οἵτινες δι’ ἔνδειαν ἢ συναλλαγμάτων ἀνάγκην ἢ δι’ ἄλλην τινὰ ἀπορίαν πεισθεῖεν ὑπό τινων ἢ αὐτοὶ παρακελεύσαιεν ἄν τινας ἐπὶ νεωτερισμῷ. 
5.2	Λεύκων δὲ ὁ Βοσπόρου τύραννος καὶ τῶν φρουρῶν τοὺς χρεωφειλέτας διὰ κυβείαν ἢ δι’ ἄλλας ἀκολασίας ἀπομίσθους ἐποίει. 
6.1	Χρὴ δὲ καὶ ἡμεροσκόπους πρὸ τῆς πόλεως καθιστάναι ἐπὶ τόπῳ ὑψηλῷ καὶ ὡς ἐκ πλείστου φαινομένῳ· ἡμεροσκοπεῖν δὲ ἐφʼ ἑκάστῳ χωρίῳ τρεῖς τοὐλάχιστον, μὴ τοὺς τυχόντας, ἀλλʼ ἐμπείρους πολέμου, ὅπως μὴ δι’ ἄγνοιαν δοξάζων τι ὁ σκοπὸς σημάνῃ ἢ διαγγείλῃ εἰς τὴν πόλιν καὶ ματαίως ὀχλῇ τοῖς ἀνθρώποις. 
6.2	πάσχουσι δὲ ταῦτα οἱ ἄπειροι τάξεων καὶ πολέμου, ἀγνοοῦντες τὰς τῶν πολεμίων ἐργασίας καὶ πράξεις, εἴτε ἐκ παρασκευῆς πράσσεται, εἴτε καὶ παρὰ ταὐτομάτου. 
6.3	ὁ δὲ ἔμπειρος, γνοὺς τὴν τῶν πολεμίων παρασκευὴν καὶ πλῆθος καὶ πορείας καὶ τὴν ἄλλην κίνησιν τοῦ στρατεύματος, οὕτω τὴν ἀλήθειαν ἐμφανιεῖ. 
6.4	Ἐὰν δὲ μὴ ὑπάρχωσιν τοιοίδε τόποι, ὥστε καὶ εἰς τὴν πόλιν ἀπʼ αὐτῶν φαίνεσθαι τὰ σημεῖα, ἄλλους ἐπʼ ἄλλοις τόποις διαδεκτῆρας εἶναι τῶν ἀειρομένων σημείων, οἳ σημανοῦσιν εἰς τὴν πόλιν. 
6.5	εἶναι δὲ τοὺς ἡμεροσκόπους καὶ ποδώκεις, οἳ ὅσα μὴ οἷά τε διὰ τῶν σημείων δηλοῦν, ἀλλʼ αὐτῶν τινα δέῃ ἐξ ἀνάγκης ἀγγέλλειν, δύνωνται ταχὺ ἀφικνεῖσθαι, καὶ ὡς ἐκ πλείστου ἀγγέλλωσιν. 
6.6	Ἄριστον δὲ ἱππασίμων ὄντων τόπων καὶ ὑπαρχόντων ἵππων ἱππέας ἱππέας συνείρειν, ἵνα διὰ τῶνδε θᾶσσον ἀγγέλληται. πέμπειν δὲ ἐκ τῆς πόλεως τοὺς ἡμεροσκόπους ὄρθρου ἢ ἔτι νυκτός, ἵνα τοῖς τῶν πολεμίων σκοποῖς μὴ κατάδηλοι ὦσιν ἡμέρας πορευόμενοι ἐπὶ τὰ ἡμεροσκοπεῖα. 
6.7	σύνθημα δὲ μὴ ἔχειν αὐτοὺς ἓν καὶ τὸ αὐτὸ , ὅπως μήτε ἑκόντες μήτε ἄκοντες, ἐὰν συλληφθῶσιν ὑπὸ τῶν πολεμίων, εἰπεῖν ἔχωσι τὸ τῶν ἐν τῇ πόλει σύνθημα. παραγγέλλεσθαι δὲ τοῖς ἡμεροσκόποις αἴρειν τὰ σύσσημα ἐνίοτε, καθάπερ οἱ πυρσευταὶ τοὺς πυρσούς.
7.1	Ὅταν δὲ ἡ χώρα ἐγκάρπως διακέηται μὴ πόρρω ὄντων πολεμίων, εἰκὸς πολλοὺς τῶν ἐν τῇ πόλει περὶ τοὺς ἐγγὺς χώρους διατελεῖν, γλιχομένους τοῦ καρποῦ. 
7.2	τούτους δʼ οὖν εἰς τὴν πόλιν ἀθροίζειν ὧδε χρή. πρῶτον μὲν τοῖς ἔξω ἅμα ἡλίῳ δύνοντι σημαίνειν ἀπιέναι εἰς τὴν πόλιν· ἐὰν δὲ καὶ ἐπὶ πλέον τῆς χώρας ἐσκεδασμένοι ὦσιν, ὑπὸ διαδεκτήρων σημαίνεσθαι, ὅπως πάντες ἢ οἱ πλεῖστοι παραγίγνωνται εἰς πόλιν. 
7.3	ἐπειδὰν δὲ τούτοις σημανθῇ ἀπιέναι, οὕτως τοῖς ἐν τῇ πόλει δειπνοποιεῖσθαι· τὸ δὲ τρίτον σημαίνειν εἰς φυλακὴν ἰέναι καὶ καθιστάναι. 
7.4	ὡς δὲ δεῖ τοῦτο γίγνεσθαι καὶ ὡς αἴρειν τοὺς φρυκτούς, ἐν τῇ Παρασκευαστικῇ βίβλῳ πλειόνως εἴρηται. ὅθεν δεῖ τὴν μάθησιν λαμβάνειν, ἵνα μὴ δὶς περὶ τῶν αὐτῶν γράφειν συμβῇ. 
8.1	Μετὰ δὲ ταῦτα εἰς τὴν χώραν προσδεχόμενον πλείω καὶ μείζω δύναμιν πολεμίων πρῶτον μὲν τὴν χώραν δυσεπίβολον εἶναι τοῖς πολεμίοις καὶ δυσστρατοπέδευτον καὶ δυσπροσπόριστον κατασκευάζειν καὶ τοὺς ποταμοὺς δυσδιαβάτους καὶ πλείους. 
8.2	Πρός τε τὰς ἀποβάσεις τῶν πολεμίων εἰς τὰ ψαμμώδη καὶ στερεὰ ὅσα καὶ οἷα χρὴ κατασκευάζεσθαι δολώματα τοῖς ἀποβαίνουσι, τοῖς τε ἐν τῇ χώρᾳ καὶ τῇ πόλει λιμέσιν οἷα εἰς τούτους δεῖ φράγματα παρασκευάζεσθαι πρὸς τὸ μὴ εἰσπλεῖν ἢ τὰ εἰσπλεύσαντα μὴ δύνασθαι ἐκπλεῦσαι, 
8.3	τά τε καταλιμπανόμενα ἐν τῇ χώρᾳ ἑκουσίως, εἰς χρείαν δὲ φέροντα τοῖς ἐναντίοις, οἷον πρὸς τειχοποιίαν ἢ σκηνοποιίαν ἢ ἄλλην τινὰ πρᾶξιν ὡς 
8.4	δεῖ ἀχρεῖα ποιεῖν ἢ μὴ φθείροντα ἀφανίζειν τά τε βρωτὰ καὶ ποτὰ καὶ τὰ κατʼ ἀγροὺς ἔγκαρπα καὶ τὰ ἄλλα κατὰ τὴν χώραν, καὶ τὰ στάσιμα ὕδατα ὡς ἄποτα δεῖ ποιεῖν, τά τε ἱππάσιμα τῆς χώρας ὡς δεῖ ἄνιππα ποιεῖν, 
8.5	περὶ μὲν οὖν τούτων πάντων ὧδε μὲν νῦν παραλείπεται, ὡς δεῖ ἕκαστον τούτων γίγνεσθαι, ἵνα μὴ καὶ ταύτῃ, λίαν πολλά, δηλῶται· γέγραπται δὲ τελέως περὶ αὐτῶν ἐν τῇ Παρασκευαστικῇ βίβλῳ.
9.1	Ἄν δὲ θρασύνεσθαί τι ἐπιχειρῶσιν οἱ ἐπιόντες πρός σε, τάδε ποιητέον. πρῶτον μὲν χρὴ σώμασι τόπους τινὰς τῆς οἰκείας χώρας καταλαβεῖν, ἔπειτα ἐκκλησιάσαντα τοὺς αὑτοῦ στρατιώτας ἢ πολίτας ἄλλα τε προειπεῖν αὐτοῖς, ὡς ὑπαρχούσης τινὸς αὐτοῖς πράξεως εἰς τοὺς πολεμίους, καὶ ὅταν νυκτὸς σημάνῃ τῇ σάλπιγγι, ἑτοίμους εἶναι τοὺς ἐν τῇ ἡλικίᾳ, ἀναλαβόντας τὰ ὅπλα καὶ ἀθροισθέντας εἰς χωρίον ῥητὸν ἕπεσθαι τῷ ἡγουμένῳ. 
9.2	διαγγελθέντων οὖν τούτων εἰς τὸ στρατόπεδον τῶν πολεμίων ἢ τὴν πόλιν, δύνασαι ἀποτρέψαι ὧν ἐπιχειρῶσι πράσσειν. 
9.3	τούτων δὲ οὕτω πραχθέντων τοῖς μὲν φιλίοις θάρσος ἐμποιήσεις ἐπιχειρῶν τι ἀλλʼ οὐ δεδιώς, τοῖς δὲ πολεμίοις φόβον ἐμπαρασκευάσεις, ὥστε ἐπὶ τῆς αὑτῶν ἠρεμεῖν.
10.1	Δεῖ δὲ καὶ τάδε παρηγγέλθαι τῶν πολιτῶν τοῖς κεκτημένοις ζεύγη ἢ ἀνδράποδα ὑπεκτίθεσθαι εἰς τοὺς προσοίκους, ὡς οὐκ εἰσαξόντων εἰς τὴν πόλιν. 
10.2	οἷς δʼ ἂν μὴ ὑπάρξῃ ξενία παρʼ οὓς θήσονται, τοὺς ἄρχοντας δημοσίᾳ παρατίθεσθαι τοῖς προσοίκοις, παρασκευάζοντας δι’ ὧν σωθήσεται τὰ ὑπεκτιθέμενα. Κηρύγματα 
10.3	Ἔπειτα κηρύγματα ποιεῖσθαι τοιάδε διά τινος χρόνου, φόβου καὶ ἀποτροπῆς τῶν ἐπιβουλευόντων ἕνεκεν. κατακομίζειν τὰ ἐλεύθερα σώματα καὶ τοὺς καρποὺς ἐν τῇ πόλει, τοῦ δὲ ἀνηκουστοῦντος ἐξουσίαν εἶναι τῷ βουλομένῳ ἀζήμια ἄγειν καὶ φέρειν τὰ ἐκ τῆς χώρας. 
10.4	τάς τε ἑορτὰς κατὰ πόλιν ἄγειν, συλλόγους τε ἰδίους μηδαμοῦ μήτε ἡμέρας μήτε νυκτὸς γίγνεσθαι, τοὺς δὲ ἀναγκαίους ἢ ἐν πρυτανείῳ ἢ ἐν βουλῇ ἢ ἐν ἄλλῳ φανερῷ τόπῳ. μηδὲ θύεσθαι μάντιν ἰδίᾳ ἄνευ τοῦ ἄρχοντος. 
10.5	μηδὲ δειπνεῖν κατὰ συσσιτίαν ἀλλʼ ἐν ταῖς αὑτῶν οἰκίαις ἑκάστους, ἔξω γάμου καὶ περιδείπνου, καὶ ταῦτα προαπαγγείλαντας τοῖς ἄρχουσιν. Ἐὰν δὲ ὦσιν φυγάδες, ἐπικηρύσσειν, ὃς ἂν ἀστῶν ἢ ξένων ἢ δούλων ἀποκινῇ, ἃ ἑκάστῳ τούτων ἔσται. 
10.6	καὶ ἐάν τίς τινι τῶν φυγάδων συγγένηται ἢ παρʼ ἐκείνων τισὶν ἢ ἐπιστολὰς πέμψῃ ἢ δέξηται, εἶναί τινα κίνδυνον ἢ ἐπιτίμιον αὐτῷ. τῶν δὲ ἐκπεμπομένων καὶ εἰσαγομένων ἐπιστολῶν εἶναι ἐπισκόπησιν, πρὸς οὓς οἰσθήσεται πρότερον. 
10.7	ὅπλα οἷς ἐστιν ἑνὸς πλείω ἀπογράφεσθαι, καὶ ἐξάγειν μηδένα μηδὲν ὅπλον, μηδὲ ἐνέχυρον δέχεσθαι. στρατιώτας μὴ μισθοῦσθαι μηδὲ ἑαυτὸν μισθοῦν ἄνευ τῶν ἀρχόντων. 
10.8	ἐκπλεῖν μηδένα ἀστῶν μηδὲ μέτοικον ἄνευ συμβόλου, τά τε πλοῖα προπαρηγγέλθαι ὁρμίζεσθαι καθʼ ἃς πύλας ἐν τοῖς ἐχομένοις ῥηθήσεται. 
10.9	ξένους τοὺς ἀφικνουμένους τὰ ὅπλα ἐμφανῆ καὶ πρόχειρα φέρειν, καὶ εὐθὺς αὐτῶν παραιρεῖσθαι, καὶ αὐτοὺς μηδένα ὑποδέχεσθαι, μηδὲ τοὺς πανδοκέας, ἄνευ τῶν ἀρχόντων, τοὺς δὲ ἄρχοντας ἀπογράφεσθαι καὶ παρʼ ᾧ τίνες, ὅταν κατάγωνται. 
10.10	τὰς δὲ νύκτας ὑπὸ τῶν ἀρχόντων τὰ πανδοκεῖα ἔξωθεν κλείεσθαι. διὰ χρόνου δέ τινος, ὅσοι ἂν ταλαπείριοι αὐτῶν ὦσιν, ἐκκηρύττεσθαι. ὁμόρους δὲ ἢ κατὰ παίδευσιν ἢ κατʼ ἄλλην τινὰ χρείαν ἐπιδημοῦντας ἀπογράφεσθαι. 
10.11	ταῖς δὲ δημοσίαις ἀφικνουμέναις πρεσβείαις ἀπὸ πόλεων ἢ τυράννων ἢ στρατοπέδων οὐ χρὴ ἐν αὑτοῖς τὸν ἐθέλοντα διαλέγεσθαι, ἀλλʼ ἀεὶ παρεῖναί τινας τῶν πολιτῶν τοὺς πιστοτάτους, οἳ μετʼ αὐτῶν συνδιατελοῦσιν μέχρις ἂν ἐνδημῶσιν οἱ πρέσβεις. 
10.12	καὶ ὧν ἂν σπανίζῃ ἡ πόλις, σίτου ἢ ἐλαίου ἢ ἄλλου τινός, τῷ εἰσάγοντι κατὰ πλῆθος τῶν εἰσαγομένων τόκους προκεῖσθαι καὶ στέφανον δίδοσθαι εἰς τιμήν, τῷ δὲ ναυκλήρῳ ἀνολκὴν καὶ καθολκήν. 
10.13	ἐξοπλισίας τε πυκνὰς ποιεῖσθαι, καὶ ξένους τοὺς ἐνδήμους τὸν καιρὸν τοῦτον μεθίστασθαι εἰς χωρίον ῥητὸν ἢ κατʼ οἶκον διατελεῖν· ᾗ δὲ ἂν ἄλλῃ φαίνηται, ζημίαν προκεῖσθαι ὡς ἀδικοῦντι. 
10.14	ὅταν τε σημήνῃ, τούτοις τὰ ἐμπόρια καὶ πρατήρια κλείεσθαι, καὶ τὰ λύχνα κατασβέννυσθαι, καὶ τῶν ἄλλων μηδένα ἔτι παρεῖναι· 
10.15	ὅταν δέ τινι ἀναγκαῖόν τι συμβῇ, μετὰ λαμπτῆρος βαδίζειν, ἕως ἂν ἀντιπαραγγελθῇ. καὶ ὃς ἂν καταμηνύσῃ τινὰ ἐπιβουλεύοντα τῇ πόλει, ἢ ὅ τι ἂν τῶν προγεγραμμένων τις πραττόμενον ἐξαγγείλῃ, ἀνηγγέλθαι τε αὐτῷ ἀργύριον καὶ τὸ ἀγγελθὲν ἐμφανῶς προκεῖσθαι ἐν ἀγορᾷ ἢ ἐπὶ βωμοῦ ἢ ἐν ἱερῷ, ἵνα προχειρότερόν τις τολμήσῃ μηνύειν τι τῶν προγεγραμμένων. 
10.16	Ἐπὶ δὲ μονάρχῳ ἢ στρατηγῷ ἢ φυγάδι δυναστεύοντι χρὴ καὶ τάδε προκηρύττεσθαι ἐὰν δέ τι καὶ αὐτὸς πάθῃ ὁ ἀποκτείνας, τοῖς τέκνοις αὐτοῦ ἀποδίδοσθαι τὸ ἀγγελθὲν ἀργύριον· 
10.17	ἐὰν δὲ μὴ ᾖ τέκνα, τῷ ἐγγυτάτω γενομένῳ. καὶ ἐάν τις τῶν συνόντων τῷ φυγάδι ἢ μονάρχῳ ἢ στρατηγῷ πράξῃ τι τῶν προκειμένων ἀποδίδοσθαι καὶ κάθοδον αὐτῷ εἶναι· διὰ γὰρ ταῦτα προχειροτέρως ἂν ἐγχειροῖεν. 
10.18	ἐν δὲ ξενικῷ στρατοπέδῳ τοιάδ̓, ἀναγγείλαντα σιγήν, πάντων ἀκουόντων κηρῦξαι. 
10.19	εἴ τις βούλεται ἀπιέναι, μὴ ἀρεσκόμενοι τοῖς παροῦσιν, ἐξεῖναι ἀπαλλάττεσθαι· ἀλλʼ ὕστερον πεπωλήσεται· τὰ δʼ ἐλάσσω τούτων ἀδικήματα, κατὰ τὸν νόμον τὸν προκείμενον δεσμὸς ἡ ζημία. ἐὰν δέ τις φαίνηται βλάπτων τι τὸ στράτευμα, διαλύων τὸ στρατόπεδον, 
10.20	θάνατος ἔστω ἡ ζημία. μετὰ δὲ ταῦτα τῶν ἄλλων τάξεων ἐπιμέλειαν ποιητέον. καὶ πρῶτον ἐπισκεπτέον εἰ ὁμονοοῦσιν οἱ πολῖται, ὡς ἂν ὄντος μεγίστου τούτου ἀγαθοῦ ἐν πολιορκίᾳ· εἰ δὲ μή, τῶν τὰ ἐναντία φρονούντων τοῖς παροῦσι πράγμασι καὶ μάλιστʼ ἂν ἡγεμόνας τε καὶ αἰτίους γενομένους ἐν τῇ πόλει πράξεώς τινος μεθιστάναι αὐτοὺς ἀνυπόπτως μετὰ προφάσεως εὐλόγου ἐκπέμποντα ἄλλῃ ὡς πρέσβεις τε καὶ ἐπʼ ἄλλας δημοσίας ἐργασίας. 
10.21	οἷον καὶ Διονύσιος ἔπραξεν Λεπτίνην τὸν ἀδελφὸν αὐτοῦ, ἔχοντα Συρακοσίων τῷ πλήθει οἰκείως καὶ ὁρῶν κατὰ πολλὰ ἰσχυρὸν αὐτὸν ὄντα· γενόμενος αὐτῷ ἐν ὑποψίᾳ τινί, καὶ θέλων αὐτὸν μεταστήσασθαι, φανερῶς μὲν οὐκ ἐπεχείρει ἐκβάλλειν αὐτόν, γνοὺς ὅτι περὶ αὐτὸν πολλὴ μετʼ εὐνοίας ἰσχὺς ἔσοιτο καὶ νεώτερον ἄν τι γένοιτο· τεχνάζει δὲ τοιόνδε. 
10.22	πέμπει αὐτὸν μετὰ ξένων ὀλίγων εἰς πόλιν ὄνομα Ἱμέραν, κελεύων φρουρὰν τὴν μὲν ἐξαγαγεῖν τὴν δὲ καταστῆσαι. γενομένου δὲ αὐτοῦ ἐν τῇ Ἱμέρᾳ, πέμψας ἐκέλευσεν αὐτὸν περιμένειν, μέχρις ἂν αὐτὸς μεταπέμψηται. 
10.23	Πόλεως δʼ ὁμηρευομένης, ὅταν ἐπʼ αὐτὴν στρατεία γίγνηται, τοὺς γονεῖς τῶν ὁμηρευόντων καὶ τοὺς ἐγγὺς τὰ γένη μεθίστασθαι ἐκ τῆς πόλεως, ἄχρις ἂν ἡ πολιορκία παρέλθῃ, ἵνα μὴ ἐφορῶσιν ἐν ταῖς προσαγωγαῖς τῶν πολεμίων τοὺς αὑτῶν παῖδας συμπροσαγομένους καὶ τὰ ἔσχατα πάσχοντας· ἐγχωρεῖ γὰρ αὐτοὺς ἔνδον ὄντας καὶ ὑπεναντίον τι πρᾶξαι. 
10.24	ἐὰν δὲ ἄρα δυσχερὲς ᾖ μετὰ τῶνδε τῶν προφάσεων ἐκπέμπειν, συνδιάγειν αὐτοὺς ὡς ἐλαχίστων μετέχοντας ἔργων καὶ πράξεων καὶ μήτε ὅπου ἔσονται μήτε ὅ τι πράξουσιν προειδέναι, καὶ ὡς ἥκιστα ἐπὶ σφῶν αὐτῶν διατηροῦντας καὶ νύκτα καὶ ἡμέραν· καὶ ἄλλας ἐπʼ ἄλλαις πράξεις καὶ λειτουργίας αὐτοῖς τὸ πλῆθος ἐπιρρεῖν ἀνυπόπτως, μεθʼ ὧν ὄντες ἐν φυλακῇ μᾶλλον ἔσονται ἢ φυλάξουσί τι. 
10.25	ἔστωσαν δὲ διειλημμένοι ὡς εἰς παρατήρησιν· οὕτως γὰρ ἂν διακείμενοι ἥκιστα ἂν δύναιντο νεωτερίσαι. Ἔτι τοίνυν μηδὲ εἰς τὰς κοίτας λαμπτῆρας φέρεσθαι μηδὲ ἄλλο νυκτερινὸν φέγγος· ἤδη γάρ τινες, ἐπεὶ πάντῃ ἐξείργονται μηδὲν νεωτερίσαι, θέλοντες, μηδὲ πρὸς τοὺς πολεμίους τι πρᾶξαι, 
10.26	τοιόνδε τεχνάζουσι. σὺν γὰρ τοῖς καλάθοις καὶ στρώμασι φερόμενοι εἰς τὰς φυλακὰς λύχνα οἱ δὲ δᾷδας οἱ δὲ λαμπτῆρας, ἵνα δὴ πρός τι κοιτασθῶσιν, διὰ τούτων τῶν φεγγέων σύσσημον ἐποιήσαντο· διὸ δεῖ πάντα τὰ τοιαῦτα ὑποπτεύειν. 
11.1	Ἔτι δὲ καὶ τῶν πολιτῶν δεῖ τοῖς ἀντιπροθυμουμένοις προσέχειν τὸν νοῦν καὶ μηδὲν εὐθέως ἀποδέχεσθαι διὰ τάδε. 
11.2	ῥηθήσονται δὲ ἑξῆς αἱ ἐπιβουλαὶ ἐκ τῆς βίβλου παραδείγματος ἕνεκεν, ὅσαι κατὰ πόλιν ἐξ ἀρχόντων ἢ ἰδιωτῶν γεγόνασιν καὶ ὡς ἔνιαι αὐτῶν κωλυθεῖσαι διελύθησαν. 
11.3	Χίου γὰρ μελλούσης προδίδοσθαι, τῶν ἀρχόντων τις, συμπροδιδοὺς καὶ ἀπατῶν τοὺς συνάρχοντας ἔπεισε λέγων, ὡς, ἐπειδὴ εἰρήνη εἴη, τοῦ τε λιμένος τὸ κλεῖθρον εἰς γῆν ἀνασπάσαντας ξηρᾶναι δεῖ καὶ πισσαλοιφῆσαι καὶ τὰ παλαιὰ τῶν νεῶν ἄρμενα ἀποδόσθαι, τῶν τε νεωρίων ἐπεσκευάσθαι τὰ στάζοντα καὶ τὴν ἐχομένην αὐτῶν στοὰν καὶ τὸν πύργον, ἐν ᾧ διῃτῶντο οἱ ἄρχοντες, ἐχόμενον τῆς στοᾶς, ἵνα ἐκ προφάσεως κλίμακες προπορισθῶσιν τοῖς μέλλουσι καταλαμβάνειν τὰ νεώρια καὶ τὴν στοὰν καὶ τὸν πύργον. 
11.4	ἔτι δὲ συνεβούλευε καὶ τὸ πλῆθος τῶν τὴν πόλιν φυλασσόντων ἀπόμισθον ποιῆσαι, ἵνʼ ὡς ἐλάχιστον δῆθεν ἀνάλωμα τῇ πόλει ᾖ. 
11.5	καὶ ἄλλα τούτοις ὁμότροπα λέγων ἔπεισε τοὺς συνάρχοντας ἅπερ ἔμελλεν τοῖς προδιδοῦσι καὶ ἐπιτιθεμένοις συνοίσειν πρὸς τὴν κατάληψιν· ὥστε ἀεὶ δεῖ προσέχειν τοῖς τὰ τοιαῦτα τελειοῦν σπουδάζουσιν. 
11.6	ἅμα δὲ τοῦ τείχους ἐκδήσας κατεκρέμασε δίκτυα ἐλάφεια καὶ σύεια, ὡσεὶ ξηρᾶναι θέλων, καὶ ἄλλῃ ἱστία ἔξω τοὺς κάλους ἔχοντα· καθʼ ἅπερ ἐν νυκτὶ ἀνέβησαν στρατιῶται. 
11.7	Πρὸς δὲ ἀντιστασιώτας τοιόνδε ἐπράχθη ἐν Ἄργει. μελλόντων γὰρ τῶν πλουσίων τὴν δευτέραν ἐπίθεσιν ἐπιτίθεσθαι τῷ δήμῳ καὶ ξένους ἐπαγομένων, ὁ τοῦ δήμου προστάτης, προαισθόμενος τὸ μέλλον, τῶν ἐπιθησομένων τινὰς τῶν ὑπεναντίων ὄντων τῷ δήμῳ ἄνδρας δύο προσποιησάμενος φίλους εἶναι ἀπορρήτους, πολεμίους αὑτῷ καθίστησιν αὐτοὺς καὶ ἐποίει κακῶς ἐν τῷ φανερῷ, σιγῇ δὲ τὰ ἐκ τῶν ἐναντίων βουλεύματα ἤκουεν παρʼ αὐτῶν. 
11.8	ἐπεὶ δʼ ἐν τῷ εἰσάγεσθαι τοὺς ξένους ἦσαν οἱ πλούσιοι, ἅμα δὲ καὶ τῶν ἐν τῇ πόλει τινὲς ἦσαν ἕτοιμοι, καὶ εἰς τὴν ἐπιοῦσαν νύκτα ἔμελλεν τὸ ἔργον ἔσεσθαι, ἔδοξε τῷ τοῦ δήμου προστάτῃ τὴν ταχίστην ἐκκλησίαν συναγαγεῖν καὶ τὸ μέλλον μὴ προειπεῖν, ἵνα μὴ πᾶσα ἡ πόλις ταραχθῇ, εἰπόντα δὲ ἄλλα τε καὶ ὅτι συμφέρον εἴη ἐν τῇ ἐπιούσῃ νυκτὶ σὺν τοῖς ὅπλοις πάντας Ἀργείους παρεῖναι ἐν τῇ αὑτοῦ φυλῇ ὄντας ἕκαστον. 
11.9	ἐὰν δέ τις ἄλλως ἐκθῆται τὰ ὅπλα ἢ ἄλλῃ ἐξενεγκάμενος φανῇ, ὡς προδότης καὶ ἐπιβουλεύων τῷ δήμῳ πασχέτω τι. 
11.10	τοῦτο δὴ αὐτὸ ἵνα κατὰ τὰς φυλὰς ὄντες οἱ πλούσιοι μὴ δύνωνται εἰς ταὐτὸ ἀθροισθέντες μετὰ τῶν ξένων ἐπιθέσθαι, ἀλλʼ ἐν ταῖς φυλαῖς ὄντες διακεχωρισμένοι ὦσιν ἐν πολλοῖς ὀλίγοι φυλέταις. καλῶς δὲ δοκεῖ καὶ ἀγχινόως μετʼ ἀσφαλείας διαλῦσαι τὸ μέλλον.
11.10a	παραπλησίως δὲ ἐν Ἡρακλείᾳ τῇ ἐν τῷ Πόντῳ, οὔσης δημοκρατίας καὶ ἐπιβουλευόντων τῶν πλουσίων τῷ δήμῳ καὶ μελλόντων ἐπιτίθεσθαι, προγνόντες οἱ προστάται τοῦ δήμου τὸ μέλλον, οὐσῶν αὐτοῖς τριῶν φυλῶν καὶ τεσσάρων ἑκατοστύων, ἔπεισαν τὸ πλῆθος ἑξήκοντα εἶναι ἑκατοστύας, ἵνα ἐν ταύταις καὶ εἰς τὰς φυλακὰς καὶ εἰς τὰς ἄλλας λειτουργίας φοιτῶσιν οἱ πλούσιοι. 
11.11	συνέβαινεν καὶ ἐνταῦθα διεσκεδασμένους εἶναι τοὺς πλουσίους καὶ ἐν ταῖς ἑκατοστύσιν ὀλίγους ἑκάστοθι παραγίγνεσθαι ἐν πολλοῖς δημόταις· 
11.12	ὁμότροπον δέ τι τούτῳ καὶ πάλαι ἐν Λακεδαίμονι γενέσθαι. μηνυθείσης γὰρ ἐπιβουλῆς τοῖς ἄρχουσιν ὅτι ὅταν ὁ πῖλος ἀρθῇ ἐπιθήσονται, ἔπαυσαν τοὺς ἐγχειροῦντας ἐπιθέσθαι, κήρυγμα ἀναγγείλαντες τοὺς τὸν πῖλον μέλλοντας ἆραι μὴ ἆραι. 
11.13	Ἐν Κορκύρᾳ δὲ ἐπανάστασιν δέον γενέσθαι ἐκ τῶν πλουσίων καὶ ὀλιγαρχικῶν τῷ δήμῳ (ἐπεδήμει δὲ καὶ Χάρης Ἀθηναῖος φρουρὰν ἔχων, ὅσπερ συνήθελεν τῇ ἐπαναστάσει) ἐτεχνάσθη τοιόνδε. 
11.14	τῶν τῆς φρουρᾶς τινες ἄρχοντες σικύας προσβαλόμενοι καὶ τομὰς ἐν τῷ σώματι ποιησάμενοι καὶ αἱματωθέντες ἐξέδραμον εἰς τὴν ἀγορὰν ὡς πληγὰς ἔχοντες, ἅμα δʼ αὐτοῖς εὐθὺς προπαρεσκευασμένοι οἵ τε ἄλλοι στρατιῶται τὰ ὅπλα ἐξηνέγκαντο καὶ τῶν Κορκυραίων οἱ ἐπιβουλεύοντες. 
11.15	τῶν δʼ ἄλλων ἀγνοούντων τὸ πρᾶγμα καὶ εἰς ἐκκλησίαν παρακληθέντων συνελαμβάνοντο οἱ προστάται τοῦ δήμου, ὡς ἐπαναστάσεως γενομένης ἐξ αὐτῶν, καὶ τὰ ἄλλα μεθίστασαν πρὸς τὸ συμφέρον αὑτοῖς. 
12.1	Χρὴ δὲ καὶ συμμάχων εἰς τὴν πόλιν μήποτε ἅμα διατελεῖν τοὺς συμμάχους, ἀλλὰ διεσκεδάσθαι ὁμοτρόπως τῶν αὐτῶν ἕνεκεν τοῖς προειρημένοις. 
12.2	τὸ δὲ αὐτὸ καὶ μετὰ ξένων μισθοφόρων μέλλοντάς τι πράσσειν ἀεὶ χρὴ ὑπερέχειν πλήθει καὶ δυνάμει τοὺς ἐπαγομένους πολίτας τῶν ξένων· εἰ δὲ μή, 
12.3	ἐπʼ ἐκείνοις γίγνονται αὐτοί τε καὶ ἡ πόλις. οἷον Χαλκηδονίοις πολιορκουμένοις παρόντες σύμμαχοι ἔπεμψαν φρουρὰν αὐτοῖς οἱ τῶν Χαλκηδονίων σύμμαχοι. βουλευομένων τὰ αὑτοῖς συμφέροντα οὐκ ἔφασαν οἱ φρουροὶ ἐπιτρέψειν, ἐὰν μὴ καὶ Κυζικηνοῖς δοκῇ εἶναι συμφέροντα, ὥστε τοῖς Χαλκηδονίοις τὴν φρουρὰν ἔσω οὖσαν πολὺ φοβερωτέραν εἶναι τῶν προκαθημένων πολεμίων. 
12.4	δεῖ οὖν μήποτε εἰς πόλιν οἰκείαν μείζω δύναμιν ἐπακτὸν δέχεσθαι τῆς ὑπαρχούσης τοῖς πολίταις, ξένοις τε χρωμένην ἀεὶ δεῖ τὴν πόλιν πολλῷ ὑπερέχειν τῆς τῶν ξένων δυνάμεως· οὐ γὰρ ἀσφαλὲς ξενοκρατεῖσθαι καὶ ἐπὶ μισθοφόροις γίγνεσθαι. 
12.5	οἷον καὶ Ἡρακλεώταις τοῖς ἐν τῷ Πόντῳ συνέβη. ἐπαγόμενοι γὰρ ξένους πλείονας τοῦ προσήκοντος, πρῶτον μὲν τοὺς ἀντιστασιώτας ἀνεῖλον, ἔπειτα αὑτοὺς καὶ τὴν πόλιν ἀπώλεσαν, τυραννευθέντες ὑπὸ τοῦ εἰσάγοντος τοὺς ξένους. 
13.1	Ἂν δὲ δέῃ ξενοτροφεῖν, ὧδε ἂν ἀσφαλέστατα γίγνοιτο. χρὴ τοῖς ἐν τῇ πόλει εὐπορωτάτοις προστάξαι κατὰ δύναμιν ἑκάστῳ παρασχεῖν ξένους ἕκαστον, τοὺς μὲν τρεῖς, τοὺς δὲ δύο, τινὰς δὲ ἕνα· ἀθροισθέντων δὲ ὅσων ἂν δέοιο, διελεῖν αὐτοὺς εἰς λόχους, 
13.2	καταστήσαντας ἐπʼ αὐτοὺς τῶν πολιτῶν τοὺς πιστοτάτους λοχαγούς. τὸν δὲ μισθὸν καὶ τὴν τροφὴν οἱ ξένοι παρὰ τῶν μισθωσαμένων λαμβανόντων, τὸ μέν τι παρʼ αὐτῶν, τὸ δὲ καὶ τῆς πόλεως συμβαλλομένης. 
13.3	καὶ διαιτάσθωσαν ἕκαστοι ἐν ταῖς τῶν μισθωσαμένων οἰκίαις, οἱ δὲ τὰς λειτουργίας καὶ τὰς ἐκκοιτίας καὶ τὰ ἄλλα ἐπιτάγματα ἐκ τῶν ἀρχόντων ἀθροιζόμενοι ὑπὸ τῶν λοχαγῶν ὑπηρετούντων. 
13.4	κομιδὴ δὲ τοῖς προαναλίσκουσιν εἰς τοὺς ξένους χρόνῳ τινὶ γενέσθω ὑπολογιζομένων τῶν εἰς τὴν πόλιν εἰσφερομένων παρὰ ἑκάστου τελῶν· οὕτω γὰρ ἂν τάχιστά τε καὶ ἀσφαλέστατα καὶ εὐτελέστατα ξενοτροφηθείη. 
14.1	Τοῖς μὲν οὖν ἐν τῇ πόλει ὑπεναντία θέλουσιν τοῖς καθεστηκόσι προσφέρεσθαι ὡς προγέγραπται. τὸ δὲ πλῆθος τῶν πολιτῶν εἰς ὁμόνοιαν τέως μάλιστα χρὴ προάγειν, ἄλλοις τε ὑπαγόμενον αὐτοὺς καὶ τοὺς χρεωφειλέτας κουφίζοντα τόκων βραχύτητι ἢ ὅλως ἀφαιροῦντα, ἐν δὲ τοῖς λίαν ἐπικινδύνοις καὶ τῶν ὀφειλημάτων τι μέρος, καὶ πάντα ὅταν δέῃ, ὡς πολύ γε φοβερώτατοι ἔφεδροί εἰσιν οἱ τοιοίδε ἄνθρωποι, τούς τε ἐν ἀπορίᾳ ὄντας τῶν ἀναγκαίων εἰς εὐπορίαν καθιστάναι. 
14.2	καὶ ὅπως ἴσως καὶ ἀλύπως τοῖς πλουσίοις ταῦτʼ ἂν γιγνόμενα πράττοιτο καὶ ἐξ οἵων πόρων πορίζοιτο, καὶ περὶ τούτων ἐν τῇ Ποριστικῇ βίβλῳ δηλωτικῶς γέγραπται.
15.1	Κατασκευασθέντων δὲ τούτων, ἄν τι ἀγγελθῇ ἢ πυρσευθῇ βοηθείας δεόμενον, ἐξιέναι ἐπὶ τὰ κακούμενα τῆς χώρας. 
15.2	τοὺς δὲ στρατηγοὺς τοὺς παρόντας εὐθὺς συντάττειν, ἵνα μὴ σποράδην καὶ κατʼ ὀλίγους ἐξιόντες ἐπὶ τὰ αὑτῶν ἀπολλύωνται δι’ ἀταξίαν καὶ κόπον ἄκαιρον, ἐνεδρευόμενοί τε ὑπὸ τῶν πολεμίων καὶ κακὰ πάσχοντες. 
15.3	ἀλλὰ χρὴ τούς τε παραγιγνομένους ἐπὶ τὰς πύλας ἀθροίζεσθαι μέχρι τινὸς πλήθους, ὡς λόχου ἢ διλοχίας, εἶτα συνταχθέντας καὶ ἡγεμόνος αὐτοῖς φρονίμου δοθέντος, οὕτως ἐκπέμπεσθαι καὶ σπεύδειν ἰόντας ἐν τάξει ὡς μάλιστα. 
15.4	ἔπειτα ἄλλο καὶ ἄλλο πλῆθος οὕτως ἐκπέμπειν καὶ ἐν τάχει μέχρις οὗ ἱκανοὶ δοκοῦσιν ἐκβεβοηθηκέναι, ἵνα καὶ ἐν τῇ πορείᾳ ἐχόμενα ᾖ τὰ μέρη, καὶ ἐάν τε μέρει μέρος δέῃ βοηθῆσαι ἐάν τε ἅμα πάντα δέῃ, ῥᾳδίως ὑπάρχῃ συμμίσγειν ἀλλήλοις καὶ μὴ δρόμῳ πόρρωθεν παραγίγνωνται. 
15.5	πρὸ δὲ αὐτῶν δεῖ πρώτους τοὺς ὑπάρχοντας ἱππέας καὶ κούφους ἐξιέναι, μηδὲ τούτους ἀτάκτους, προεξερευνῶντάς τε καὶ προκαταλαμβάνοντας τὰ ὑψηλὰ τῶν χωρίων, ἵνʼ ὡς ἐκ πλείστου προειδῶσιν οἱ ὁπλῖται τὰ τῶν πολεμίων καὶ μηδὲν ἐξαίφνης αὐτοῖς προσπέσῃ. 
15.6	περί τε τὰς καμπὰς τῶν χωρίων καὶ τὰς βάσεις τῶν ἀκρολοφιῶν καὶ τὰς ἐκτροπὰς τῶν ὁδῶν, ὅπου ἂν τρίοδοι ὦσιν, εἶναι σημεῖα, ἵνα μὴ περὶ ταῦτα σχίζωνται ἀπʼ ἀλλήλων οἱ ὑπολελειμμένοι δι’ ἄγνοιαν τῆς ὁδοῦ. 
15.7	ἀπιόντα τε εἰς τὴν πόλιν πεφυλαγμένως ἀναχωρεῖν πολλῶν ἕνεκεν καὶ μάλιστα ἐνέδρας φοβούμενον πολεμίων· ἤδη γὰρ περὶ βοήθειαν ἀφύλακτον τοιόνδε συνέβη. 
15.8	Τριβαλλῶν ἐμβαλλόντων εἰς τὴν Ἀβδηριτῶν χώραν, ἐπεξελθόντες Ἀβδηρῖται καὶ παράταξιν ποιησάμενοι κάλλιστον ἔργον εἰργάσαντο· συμβαλόντες γὰρ κατέβαλον πολλοὺς καὶ ἐνίκων πλῆθος πολὺ καὶ μάχιμον. 
15.9	οἱ δὲ Τριβαλλοί, ἀγανακτήσαντες τῷ συμβάντι, ἀπαλλαγέντες καὶ ἀναλαβόντες αὑτούς, πάλιν ἀφικόμενοι εἰς τὴν χώραν καὶ ἐνέδρας προκαθίσαντες ἔκειρον τὴν χώραν τὴν Ἀβδηριτῶν οὐ πόρρω τῆς πόλεως, οἱ δὲ Ἀβδηρῖται ὑπερφρονήσαντες αὐτῶν διὰ τὸ προειργασμένον ἔργον ἐπεβοήθουν πανσυδίῃ πάσῃ ῥώμῃ καὶ προθυμίᾳ· οἱ δὲ ὑπῆγον αὐτοὺς εἰς τὰς ἐνέδρας. 
15.10	ὅπου δὴ λέγεται ἐκ μιᾶς πόλεως, τοσαύτης γε τὸ μέγεθος, πλείστους ἐν ἐλαχίστῳ χρόνῳ ἀπολέσθαι. οὐδὲ γὰρ ἀκούσαντες τὸν ὄλεθρον τῶν πρώτων ἐπεξελθόντων οἱ ἄλλοι ἐπέσχον τῆς βοηθείας, ἀλλʼ ἄλλος ἄλλον παρακαλῶν ἔσπευδεν βοηθεῖν τοῖς ἐπεξελθοῦσι, μέχρι ἠρημώθη ἡ πόλις ἀνδρῶν. 
16.1	Ὅδʼ οὖν ἄλλος τρόπος βοηθείας βελτίων ἂν εἴη ἐπὶ τοὺς ἐμβεβληκότας. 
16.2	πρῶτον μὲν οὖν νυκτὸς οὐ χρὴ εὐθὺς βοηθεῖν, εἰδότα ὅτι ἀτακτότατοι ἂν καὶ ἀπαράσκευοι πρὸ τῆς ἕω εἶεν οἱ ἄνθρωποι, τῶν μὲν ἐπειγομένων τὰ οἰκεῖα σῴζειν ὡς τάχιστα ἐκ τῶν ἀγρῶν, ἑτέρων δὲ πεφοβημένων εἰς τοὺς κινδύνους προϊέναι, οἷα εἰκὸς προσφάτως ἀγγελμένων, ἄλλων δὲ πάμπαν ἀπαρασκεύων ὄντων. 
16.3	χρὴ οὖν τὴν μὲν βοήθειαν εὐτρεπίζειν ἀθροίζοντα ὅτι τάχος, ἅμα τῶν μὲν τὸ δεῖμα ἀφαιροῦντα, τοῖς δὲ θάρσος ἐμποιοῦντα τοὺς δὲ ὁπλίζοντα. 
16.4	δεῖ γάρ σε εἰδέναι ὅτι τῶν πολεμίων οἱ μετὰ ξυνέσεως καὶ ἐπιστήμης γιγνόμενοι ἐν πολεμίᾳ, κατʼ ἀρχὰς μὲν τὸ ἰσχυρότατον αὑτῶν ἐν τάξει ἄγουσι προσδεχόμενοί τινας ἐφʼ ἑαυτοὺς ἰέναι καὶ ἑτοίμως ἔχοντες ἀμύνεσθαι· τινὲς δὲ διασπαρέντες αὐτῶν κατὰ τὴν χώραν ἀδικοῦσιν, ἄλλοι δʼ ἂν ἐνεδρεύοιεν προσδεχόμενοί τινας βοηθοῦντας ὑμῶν ἄτακτον βοήθησιν. 
16.5	δεῖ οὖν μὴ εὐθὺς αὐτοὺς προσκείμενον ἐνοχλεῖν, ἀλλʼ ἐᾶσαι τούτους πρότερον θαρσῆσαι καὶ καταφρονήσαντάς σου ἐπὶ λεηλάτησιν καὶ πλεονεξίαν ὁρμῆσαι· ἅμα δʼ ἂν οὗτοι σιτίων καὶ πόσεως πληρούμενοι καὶ οἰνωθέντες ἀμελεῖς καὶ ἀπειθεῖς τοῖς ἄρχουσι γίγνοιντο. 
16.6	ἐκ δὲ τούτων εἰκὸς μοχθηροὺς αὐτῶν τοὺς ἀγῶνας καὶ τὴν ἀποχώρησιν συμβαίνειν, 
16.7	ἐάνπερ γε σὺ αὐτοῖς εὐκαίρως ἐπιθῇ. ἡτοιμασμένης γάρ σοι τῆς βοηθείας εἰς τὸν παρηγγελμένον τόπον καὶ ἐσπαρμένων ἤδη τῶν πολεμίων πρὸς ἁρπαγήν, οὕτω χρὴ αὐτοῖς προσκεῖσθαι τοῖς μὲν ἱππεῦσιν προκαταλαμβάνοντα τὰς ἀποχωρήσεις, τοῖς δʼ ἐπιλέκτοις ἐνέδρας ποιούμενον, τοῖς δʼ ἄλλοις κούφοις ἐπιφαινόμενον αὐτοῖς, τοὺς δʼ ὁπλίτας ἀθρόους ἐν τάξει ἄγοντα, μὴ πόρρω δὲ τῶν προπεμφθέντων μερῶν. Ἐπιτίθεσο δὲ τοῖς πολεμίοις ἐν οἷς ἄκων μὲν μὴ μαχήσῃ, μαχόμενος δὲ μὴ ἔλασσον ἕξεις τῶν πολεμίων. 
16.8	διὰ οὖν τὰ πρότερα εἰρημένα λυσιτελεῖ ποτε ἐφεῖναι καὶ ἐᾶσαι τοὺς πολεμίους ὡς πλείστην κατασῦραι τῆς χώρας, ἵνα δὴ λεηλατοῦντες καὶ διαπεπληρωμένοι λαφύρων ῥᾳδίως σοι τὴν δίκην δώσουσιν· τά τε γὰρ ληφθέντα πάντʼ ἂν σῴζοιτο, οἵ τʼ ἀδικήσαντες κατʼ ἀξίαν λάβοιεν τὰ ἐπιτίμια. 
16.9	ὀξέως δʼ ἂν βοηθήσας τοῖς μὲν σαυτοῦ ἀπαρασκεύοις τε καὶ οὐ τεταγμένοις κινδυνεύοις, οἵ τε πολέμιοι μικρὰ μὲν ἂν φθάσαιεν κακουργήσαντες, ἐν τάξει δʼ ἂν ἔτι ὄντες ἀτιμώρητοι ἂν ἀπέλθοιεν. 
16.10	πολὺ δὲ κρεῖσσον, ὡς γέγραπται, ἐνδόντα ἀφυλάκτως διακειμένοις αὐτοῖς ἐπιθέσθαι. 
16.11	ἐὰν δέ σε λάθῃ ἢ φθάσῃ τὰ ἐκ τῆς χώρας λεηλατηθέντα, οὐ χρὴ τὴν δίωξιν αὐτῶν ποιεῖσθαι τὰς αὐτὰς ὁδοὺς καὶ τοὺς αὐτοὺς χώρους, ἀλλὰ τῇδε μὲν ὀλίγους ἐπιφαίνεσθαι καὶ διώκοντας μὴ ἐπικαταλαμβάνειν ἑκουσίως καὶ ἀνυπόπτως, ἄλλο δὲ πλῆθος μετὰ ἀξιοχρέου δυνάμεως σπεύδειν κατʼ ἄλλας ὁδοὺς ὅτι τάχιστα πορευόμενον, καὶ φθάσαντας ἐν τῇ τῶν ἀγόντων 
16.12	χώρᾳ περὶ τὰ ὅρια ἐνεδρεῦσαι (φθάσαι δέ σε εἰκός ἐστι, πρότερον εἰς τὴν ἐκείνων ἀφικόμενον, διὰ τὸ λείαν ἄγοντας αὐτοὺς βραδυτέρως πορεύεσθαι), τὴν δʼ ἐπίθεσιν αὐτοῖς ποιεῖσθαι δειπνοποιουμένοις· οἱ γὰρ λεηλατήσαντες, ἔν τε τῇ αὑτῶν ἤδη γεγονότες καὶ ἐν ἀσφαλεῖ ὄντες, πρὸς ῥᾳθυμίαν τρεπόμενοι ἀφυλακτοτέρως ἂν διακέοιντο. 
16.13	ἄριστον δ̓, ἵνα νεοκμῆσιν τοῖς στρατιώταις χρήσῃ, ὑπαρχόντων γε πλοίων, κατὰ θάλατταν τὴν δίωξιν ποιεῖσθαι· τό τε γὰρ φθάσαι καὶ τὰ ἄλλα εἰς τὸ δέον σοι συμβήσεται, ἐὰν μὴ κατοφθῇς πλέων ὑπʼ αὐτῶν. 
16.14	Κυρηναίους δὲ καὶ Βαρκαίους λέγεται καὶ ἄλλας τινὰς πόλεις τὰς ἁμαξηλάτους τε ὁδοὺς καὶ μακρὰς βοηθείας ἐπὶ συνωρίδων καὶ ζευγῶν βοηθεῖν· κομισθέντων δὲ εἰς τὸ προσῆκον καὶ ἑξῆς τῶν ζευγέων παραταχθέντων, ἀποβάντες οἱ ὁπλῖται καὶ ἐν τάξει γενόμενοι εὐθὺς νεοκμῆτες προσεφέροντο τοῖς πολεμίοις. 
16.15	οἷς οὖν εὐπορία ζευγῶν, καλὸν τὸ πλεονέκτημα, ταχύ τε καὶ νεοκμῆτας τοὺς στρατιώτας εἰς τὸ δέον ἐλθεῖν· εἴησαν δὲ ἂν αἱ ἅμαξαι εὐθὺς καὶ ἔρυμα ταῖς στρατοπεδείαις· οἱ τραυματίαι καὶ εἴ τι ἄλλο γένοιτο σύμπτωμα τοῖς στρατιώταις, ἐπὶ τούτοις ἀπάγοιντʼ ἂν εἰς τὴν πόλιν. 
16.16	Καὶ ἐὰν μὲν ᾖ ἡ χώρα μὴ εὐείσβολος, ἀλλʼ ὀλίγαι ὦσιν αἱ εἰσβολαὶ καὶ στεναί, προκατασκευάσαντας αὐτάς, ὡς προγέγραπται οὕτω μερισθέντας, ἐπὶ ταῖς εἰσβολαῖς ἐναντιοῦσθαι τοῖς ἐπιχειροῦσι καὶ βουλομένοις πρὸς τὴν πόλιν προσιέναι, προδιαταξαμένους καὶ τοὺς φρυκτοῖς γνωρίζοντας τὰ ἀλλήλων πάθη, ὅπως τὰ μέρη βοηθῇ, ἄν τι δέωνται ἀλλήλων. 
16.17	ἂν δὲ μὴ δυσείσβολος ᾖ ἡ χώρα, ᾖ δὲ πολλαχῇ πολλοὺς εἰσβάλλειν, χρησίμους καταλαβεῖν τῆς χώρας τόπους, ὥστε τοῖς πολεμίοις χαλεπὴν εἶναι τὴν πάροδον ἐπὶ τὴν πόλιν. 
16.18	ἂν δὲ μηδὲ ταῦτα ὑπάρχῃ, τῶν λοιπῶν καταλαβεῖν ἐγγὺς τῆς πόλεως χωρία σύμμαχα πρὸς τὸ μάχεσθαί τε πλεονεκτικῶς καὶ εὐαπαλλάκτως ἔχειν τοῦ χωρίου ὅταν βούλῃ ἀπιέναι πρὸς τὴν πόλιν· κἂν οὕτως ἐμβαλόντες οἱ πολέμιοι εἰς τὴν χώραν πρὸς τὴν πόλιν πορεύωνται, κατάρχειν ὑμᾶς τῆς μάχης ἐκ τῶν χωρίων τούτων ὁρμωμένους. 
16.19	τὰς δʼ ἐπιθέσεις αὐτοῖς ποιεῖσθαι ἀεὶ πλεονεκτοῦντα ἐκ τῆς χώρας τῇ συνηθείᾳ· πολὺ γὰρ προέξεις προειδὼς τὰ χωρία καὶ προάγων εἰς τόπους οἵους ἂν σὺ βούλῃ, σοὶ μὲν γνωστοὺς καὶ ἐπιτηδείους καὶ φυλάξασθαι καὶ διῶξαι καὶ φυγεῖν καὶ ἀπιέναι εἰς τὴν πόλιν λαθραίως καὶ φανερῶς— ἔτι δὲ καὶ τὰ ἐπιτήδεια προειδότα ὅπου ἂν τῆς χώρας ὑπάρχῃ ὑμῖν— τοῖς δὲ πολεμίοις ἀσυνήθεις καὶ ἀγνῶτας καὶ λελειμμένους πάντων τούτων. 
16.20	εἰδότες δὲ ὅτι ἄπειρον ὄντα τῆς χώρας οὐ μόνον ἀδύνατον πρᾶξαί τι ὧν θέλει, ἀλλὰ καὶ σωθῆναι χαλεπόν, τῶν γε ἐν τῇ χώρᾳ βουλομένων ἐπιχειρεῖν, πρὸς πάντʼ ἂν ἀτόλμως καὶ δειλῶς διακείμενοι σφάλλοιντο διὰ τὸ μηδὲν τῶν τοιούτων εἰκάζειν. διενέγκοι γὰρ ἂν ἑκατέροις ὅσον εἰ τοῖς μὲν νυκτὸς μάχεσθαι εἰλήχει τοῖς δὲ ἡμέρας, εἰ οἷόν τέ πως ἦν τοῦτο ἅμα γενέσθαι. 
16.21	ὑπάρχοντος δέ σοι ναυτικοῦ, πεπληρῶσθαι τὰς ναῦς· οὐ γὰρ ἐλάσσω τοὺς πολεμίους ὀχλήσουσιν οἱ ἐν ταῖς ναυσίν, ἐάν γε παραπλέον ὑπάρχῃ πρὸς τὰ ἐπιθαλάσσια χωρία καὶ τὰς παρὰ θάλασσαν ὁδούς, ἵνʼ ὑπὸ ὑμῶν τε ὀχλῶνται καὶ ὑπὸ τῶν ἐκ τῶν νηῶν κατὰ νώτου αὐτοῖς τὴν ἀπόβασιν ποιουμένων. 
16.22	ταῦτα δὲ οὕτως πράττοντες ἀπαρασκευαστοτάτοις ἂν τοῖς πολεμίοις ἐπιθεῖσθε καὶ παρὰ δόξαν τὰ ἀφʼ ὑμῶν αὐτοῖς ἀποβαίη.
17.1	Ἐν δὲ μὴ ὁμονοούσῃ πόλει καὶ ὑπόπτως πρὸς ἀλλήλους ἐχόντων χρὴ προνοοῦντα εὐλαβεῖσθαι τὰς μετʼ ὄχλου ἐξόδους ἐπὶ θεωρίαν λαμπάδος καὶ ἱπποδρομίας καὶ τῶν ἄλλων ἀγώνων ὅσαι γε ἱεροποιίαι πανδημεὶ ἐκτὸς τῆς πόλεως καὶ σὺν ὅπλοις πομπαὶ ἐκπέμπονται, ἔτι καὶ περὶ τὰς πανδήμους νεωλκίας καὶ τὰς συνεκφορὰς τῶν τελευτησάντων· ἔνι γὰρ καὶ ἐν τοιῷδε καιρῷ σφαλῆναι τοὺς ἑτέρους. 
17.2	παράδειγμα δὲ ἐξοίσω γενόμενον πάθος. ἑορτῆς γὰρ πανδήμου ἔξω τῆς πόλεως Ἀργείων γενομένης ἐξῆγον πομπὴν σὺν ὅπλοις τῶν ἐν τῇ ἡλικίᾳ· συχνοὶ δὲ τῶν ἐπιβουλευόντων καὶ αὐτοὶ παρεσκευάζοντο καὶ αὐτοῖς συνείποντο ἔνοπλοι εἰς τὴν πομπήν, 
17.3	καὶ ὡς ἐγένετο πρὸς τῷ ναῷ τε καὶ τῷ βωμῷ, οἱ μὲν πολλοὶ τὰ ὅπλα θέμενοι ἀπωτέρω τοῦ ναοῦ πρὸς τὰς εὐχάς τε καὶ τὸν βωμὸν ὥρμησαν. τῶν δὲ ἐπιβουλευόντων οἱ μὲν ἐπὶ τῶν ὅπλων ὑπέμειναν, οἱ δὲ ταῖς ἀρχαῖς τε καὶ τῶν πολιτῶν τοῖς προέχουσι παρέστησαν ἐν ταῖς εὐχαῖς, ἀνὴρ ἀνδρί, ἔχοντες ἐγχειρίδια· 
17.4	καὶ τοὺς μὲν κατεβεβλήκεσαν, οἱ δὲ αὐτῶν εἰς τὴν πόλιν σὺν τοῖς ὅπλοις ἔσπευσαν. ἕτεροι δὲ τῶν συνεπιβουλευόντων ὑπομείναντες ἐν τῇ πόλει μετὰ τῶν προαλισθέντων ὁπλιτῶν προκατέλαβον οὓς προσῆκε τόπους τῆς πόλεως, ὥστε δέξασθαι τῶν ἔξω οὓς ἐβούλοντο. διὸ δεῖ τὰς τοιαύτας ἐπιβουλὰς ἐν οὐδενὶ καιρῷ ἀφυλάκτως διακεῖσθαι. 
17.5	Χῖοι δὲ ἄγοντες τὰ Διονύσια καὶ πέμποντες πομπὰς λαμπρὰς πρὸς τοῦ Διονύσου τὸν βωμόν, προκαταλαμβάνουσι τὰς εἰς τὴν ἀγορὰν φερούσας ὁδοὺς φυλακαῖς καὶ δυνάμεσι πολλαῖς, κώλυμα γοῦν οὐ μικρὸν τοῖς βουλομένοις νεωτερίζειν. 
17.6	ἄριστον δὲ τὰς ἀρχὰς πρῶτον μετὰ τῆς προῃρημένης δυνάμεως ἱεροποιῆσαι, τούτων δὲ ἐκ τοῦ ὄχλου ἀπαλλαγέντων, οὕτω τοὺς ἄλλους συνιέναι.
18.1	Ὅταν δὲ οἱ ἐκπορευθέντες παραγένωνται καὶ δείλη γίγνηται, σημαίνειν δειπνοποιεῖσθαι καὶ εἰς φυλακὴν ἰέναι. ἐν ᾧ οἱ φύλακες εὐτρεπίζονται, ἐν τούτῳ περὶ τῶν πυλῶν ἐπιμελητέον ὅπως καλῶς κλείωνται· καὶ γὰρ περὶ τὰς βαλάνους πολλὰ σφάλματα γίγνεται διὰ τὰς τῶν ἀρχόντων μαλακίας. 
18.2	ὅταν γὰρ ἐπὶ τὰς πύλας τις αὐτῶν ἐλθὼν κλεῖσαι μὴ αὐτουργὸς γίγνηται, ἀλλὰ παραδοὺς τὴν βάλανον τῷ πυλωρῷ κλεῖσαι κελεύῃ, τάδε κακουργεῖται ὑπὸ πυλωρῶν βουλομένων νυκτὸς δέξασθαι τοὺς πολεμίους. 
18.3	ὁ μέν τις ἡμέρας εἰς τὴν βαλανοδόκην τῶν πυλῶν ἄμμον προενέβαλεν, ὅπως ἡ βάλανος ἔξω μένῃ καὶ μὴ ἐμβάλληται εἰς τὸ τρύπημα. φασὶ δὲ καὶ ἐμβεβλημένας βαλάνους ὧδε ἐξαιρεθῆναι. 
18.4	ἐμβαλλομένης κατʼ ὀλίγον ἄμμου εἰς τὴν βαλανοδόκην σείεσθαι ἀψοφητί, ἵνα μηδεὶς αἴσθηται. μετέωρος οὖν ἡ βάλανος ἐγίγνετο προσπιπτούσης τῆς ψάμμου, ὥστε ῥᾳδίως αὐτὴν ἐξαιρεθῆναι. 
18.5	Ἤδη δὲ πυλωρὸς δεξάμενος τὴν βάλανον παρὰ στρατηγοῦ ἐμβαλεῖν, ἐντεμὼν λάθρᾳ σμίλῃ ἢ ῥίνῃ τὴν βάλανον, βρόχον λίνου περιβαλὼν ἐνέβαλεν, εἶτα μετʼ ὀλίγον τῷ λίνῳ ἀνέσπασεν. 
18.6	ἄλλος δὲ προετοιμάσας ἐν γυργάθῳ λεπτῷ ἐνέβαλεν προσημμένου λίνου, καὶ ὕστερον ἀνέσπασεν. ἐξῃρέθη δὲ καὶ ἀνακρουσθεῖσα ἡ βάλανος. ἔτι δὲ καὶ θερμαστίῳ λεπτῷ ἐξῃρέθη· χρὴ δὲ τοῦ θερμαστίου τὸ μὲν ἓν μέρος εἶναι οἷον σωλῆνα, τὸ δὲ ἕτερον πλατύ, ὥστε τῷ μὲν σωληνοειδεῖ ὑπολαμβάνειν τὴν βάλανον, τῷ δὲ ἐπιλαμβάνειν. 
18.7	ἕτερος δὲ ἔλαθεν τρέψας τὸν μοχλὸν μέλλων ἐμβάλλειν, ἵνα μὴ κατέλθῃ εἰς τὸ τρύπημα ἡ βάλανος καὶ ὕστερον ὠσθεῖσα ἀνοιχθῇ ἡ πύλη. 
18.8	Περὶ Ἀχαΐαν δὲ ἐν πόλει ἐπιχειροῦντες κρυφαίως δέξασθαι ξένους πρῶτον μὲν τῆς βαλάνου ἔλαβον τὰ μέτρα τρόπῳ τοιῷδε. 
18.9	προκαθέντες ἐν τῇ ἡμέρᾳ εἰς τὴν βαλανοδόκην λίνου λεπτοῦ καὶ ἰσχυροῦ βρόχον καὶ τὰς ἀρχὰς ἔξω οὔσας ἀφανεῖς, ὡς ἐν τῇ νυκτὶ ἐνεβλήθη ἡ βάλανος, ἀνέσπασαν ταῖς ἀρχαῖς τοῦ λίνου τὸν βρόχον καὶ τὴν βάλανον, λαβόντες δὲ τὰ μέτρα αὐτῆς πάλιν καθῆκαν. ἔπειτα πρὸς μέτρα οὕτω τῆς βαλάνου βαλανάγραν ἐποιήσαντο τρόπῳ τοιῷδε. 
18.10	ἐχαλκεύσαντο σίφωνά τε καὶ φορμορραφίδα. ἦν δὲ ὁ μὲν σίφων ἐργασθεὶς καθάπερ εἴωθε γίγνεσθαι· τῆς δὲ φορμορραφίδος τὸ μὲν ὀξὺ καὶ πολὺ μέρος εἴργαστο καθάπερ ταῖς ἄλλαις φορμορραφίσιν, ἡ δὲ λαβὴ ἦν κοίλη ὥσπερ στυρακίου ᾗ τὸ στελεὸν ἐμβάλλεται. 
18.11	καὶ παρὰ μὲν τῷ χαλκεῖ ἐνεβλήθη στελεόν, ἀπενεχθέντος δὲ ἐξῃρέθη, ὥστε πρὸς τὴν βάλανον προσαχθεῖσαν ἁρμόσαι. προνοητικῶς δὴ δοκεῖ ποιηθῆναι πρὸς τὸ τὸν χαλκέα μηδὲν ὑποπτεῦσαι ὅ τε σίφων οὗ ἕνεκα ἐργασθεὶς εἴη καὶ ἡ φορμορραφίς, καὶ τὰ ἄρμενα γίγνεσθαι. 
18.12	Ἤδη δέ τινες ἐν τῇ βαλανοδόκῃ οὔσης βαλάνου τὸ περίμετρον ὧδε ἔλαβον. πηλὸν κεραμικὸν περιελίξαντες ὀθονίῳ λεπτῷ καθῆκαν, ἀρμένῳ πιέζοντες περὶ τὴν βάλανον τὸν πηλόν· ἔπειτα ἀνέσπασαν τὸν πηλὸν καὶ ἔλαβον τὸν τύπον τῆς βαλάνου, πρὸς ὃν τὴν βαλανάγραν ἐποιήσαντο. 
18.13	Συμβάλλεται γενέσθαι Τημένῳ Ῥοδίῳ ἐν Ἰωνίᾳ Τέως πόλις εὐμεγέθης πρόδοτος ὑπὸ τοῦ πυλωροῦ. ἄλλα τε οὖν προσυνέθεντο καὶ νύκτα ἀσέληνον καὶ σκοτεινήν, ἐν ᾗ ἔδει τὸν μὲν ἀνοῖξαι, τὸν δὲ μετὰ ξένων εἰσελθεῖν. 
18.14	ἐπεὶ δʼ ἔδει εἰς τὴν ἐπιοῦσαν νύκτα πραχθῆναι, παρῆν τῷ πυλωρῷ ἀνὴρ ὅστις ἐπεὶ ὀψὲ ἦν καὶ φυλακαί τε ἐπὶ τοῦ τείχεος καθίσταντο καὶ αἱ πύλαι ἔμελλον κλείεσθαι, σκότους οὖν ἤδη ὄντος, ἀπηλλάσσετο, ἐκδήσας ἀρχὴν ἀγαθίδος λίνου κλωστοῦ, ὅπερ οὐκ ἔμελλεν ῥᾳδίως διαρραγῆναι. 
18.15	τὴν δὲ ἀγαθίδα ἐπορεύθη ἀπελίσσων ἀπὸ τῆς πόλεως πέντε στάδια, ὅπῃ ἔμελλον οἱ εἰσπορευσόμενοι ἥξειν. 
18.16	ἐπεὶ δὲ παρῆν ὁ στρατηγὸς κλεῖσαι τὰς πύλας, καὶ ἔδωκε κατὰ τὸ ἔθος τῷ πυλωρῷ ἐμβαλεῖν τὴν βάλανον, δεξάμενος ἐνέτεμεν λαθραίως ἀψοφητὶ ῥίνῃ ἢ σμίλῃ τὴν βάλανον, ὥστε ἐνέχεσθαι λίνον. εἶτα βρόχον περιθεὶς καθῆκε τὴν βάλανον ἐχομένην ὑπὸ τοῦ λίνου· μετὰ δὲ ταῦτα κινήσας τὸν μοχλὸν καὶ ἐπιδείξας τῷ στρατηγῷ κεκλεισμένην τὴν πύλην εἶχεν ἡσυχίαν. 
18.17	χρόνου δὲ προϊόντος ἀνασπάσας τὴν βάλανον, τὴν ἀρχὴν τοῦ σπάρτου πρὸς αὑτὸν ἔδησεν τοῦδε ἕνεκεν, ὅπως, εἰ καθυπνώσας τύχοι, ἐγερθείη σπώμενος ὑπὸ τοῦ λίνου. 
18.18	ὁ δὲ Τήμενος παρῆν διεσκευασμένος μεθʼ ὧν ἔμελλεν εἰσπορεύεσθαι εἰς χωρίον ῥητὸν πρὸς τὸν τὴν ἀγαθίδα ἔχοντα. ἦν δὲ προσυγκείμενον τῷ Τημένῳ πρὸς τὸν πυλωρὸν ἐλθόντι εἰς τὸν χῶρον σπᾶν τὸ σπάρτον. 
18.19	καὶ εἰ μὲν ἦν ἕτοιμα τῷ πυλωρῷ ἅπερ ἤθελε, προσεπιδῆσαι πρὸς τὴν ἀρχὴν τοῦ λίνου μαλλὸν ἐρίου καὶ ἀφεῖναι, ὅπερ ἰδὼν ὁ Τήμενος ἔμελλεν σπεύδειν πρὸς τὰς πύλας· εἰ δʼ ἀπετύγχανεν ὁ πυλωρὸς τοῦ θελήματος οὐδὲν προσάψας ἀφῆκεν τὸ λίνον, ὥστε τὸν Τήμενον ἐκ πολλοῦ φθάσαι τε καὶ λαθεῖν ἀπαλλαγέντα. ᾐσθάνοντο οὖν ἐν τῇ νυκτὶ τὸ σπάρτον ὑπάρχον ἐν τῇ πόλει, οὐχ οἷόν τε ἦν προϊέναι. 
18.20	Τρόπον δὲ κατὰ τόνδε προεδόθη πόλις ὑπὸ πυλωροῦ. σύνηθες ἐποιήσατο, ἐπεὶ μέλλοιεν αἱ πύλαι κλείεσθαι, ὑδρίον ἔχων ἐξιέναι ὡς ἐφʼ ὕδωρ. ἀφικνούμενος δὲ ἐπὶ τὴν κρήνην λίθους ἐτίθει εἰς τόπον γνωστὸν τοῖς πολεμίοις, ἐφʼ οὗ φοιτῶντες εὕρισκον διὰ τῶν τιθεμένων λίθων ἅπερ θέλοι δηλοῦν ὁ τῆς πόλεως φύλαξ. 
18.21	εἰ μὲν γὰρ πρώτην φυλάσσοι, ἕνα λίθον ἐτίθει πρὸς τὸν συγκείμενον τόπον, εἰ δὲ δευτέραν, δύο, εἰ δὲ τρίτην, τρεῖς, εἰ δὲ τετάρτην, τέτταρας. ἔτι δὲ καὶ ᾗ τοῦ τείχους καὶ κατὰ τί τῶν φυλακῶν λελόγχοι, τούτῳ δοὖν τῷ τρόπῳ σημαίνων ἐνέδωκεν. ταῦτα δεῖ οὖν συμβαλλόμενον πάντα φυλάττεσθαι καὶ τὰς πύλας αὐτὸν τὸν ἄρχοντα κλείειν καὶ μὴ ἄλλῳ διδόναι τὴν βάλανον. 
18.22	 πράσσοντα δέ τι τοιοῦτον τὸν μοχλὸν ἀφανίζειν· ἤδη γάρ τινες ἐπιφανέντες ὑπεναντίοι ἐβιάσαντο πάλιν κλεῖσαι, τοῦ μοχλοῦ παρόντος. διὸ δεῖ πάντα τὰ τοιαῦτα προνοεῖν. 
19.1	Διαπρίοντα δὲ μοχλὸν ἔλαιον ἐπιχεῖν· θᾶσσον γὰρ καὶ ἀψοφητὶ μᾶλλον πρισθήσεται. ἐὰν δὲ καὶ σπόγγος ἐπί τε τὸν πρίονα καὶ τὸν μοχλὸν ἐπιδεθῇ, πολλῷ κωφότερος ὁ ψόφος ἔσται. πολλὰ δʼ ἄν τις καὶ ἄλλα ὁμότροπα τούτοις γράψαι. ἀλλὰ ταῦτα μὲν παρετέον. 
20.1	Εἰς δὲ τὸ τούτων μηδὲν κακουργεῖσθαι χρὴ, πρῶτον μὲν στρατηγὸν μὴ δεδειπνηκότα δι’ αὑτοῦ τὴν κλεῖσιν καὶ τὴν ἐπιμέλειαν ποιεῖσθαι, μηδὲ ἄλλῳ πιστεύειν ῥᾳθύμως διακείμενον· ἐν δὲ τοῖς ἐπικινδύνοις καὶ πάμπαν σύννουν δεῖ περὶ ταύτην εἶναι. 
20.2	ἔπειτα τὸν μοχλὸν σεσιδηρῶσθαι διὰ μήκους τριχῇ ἢ τετραχῇ· ἄπριστος γὰρ ἔσται. ἔπειτα βαλάνους ἐμβάλλεσθαι τρεῖς μὴ ὁμοτρόπους, τούτων δὲ ἕκαστον φυλάττειν ἀνὰ μίαν τῶν στρατηγῶν· εἰ δὲ πλείονες εἴησαν, 
20.3	πάλῳ καθʼ ἡμέραν τοὺς λαχόντας. ἄριστον δὲ τὰς βαλάνους μὴ ἐξαιρετὰς εἶναι, ὑπὸ δὲ λοπίδος σιδηρᾶς κατέχεσθαι, ἵνα μὴ πλέον ἐξαιρομένη μετεωρίζηται τῷ καρκίνῳ ἢ ὥστε τὸν μοχλὸν ὑπωθεῖσθαι ἐπικλειομένων τῶν πυλῶν καὶ ἀνοιγομένων· τὸν δὲ καρκίνον ἐσκευάσθαι, ὅπως ὑπὸ τὴν λοπίδα καθίηται καὶ ῥᾳδίως τὴν βάλανον μετεωρίζῃ. 
20.4	Ἀπολλωνιᾶται δὲ οἱ ἐν τῷ Πόντῳ παθόντες τι τῶν προγεγραμμένων κατεσκεύασαν τὰς πύλας κλείεσθαι ὑπὸ σφύρας τε μεγάλης καὶ κτύπου παμμεγέθους γιγνομένου, ὡς σχεδὸν κατὰ πᾶσαν τὴν πόλιν ἀκούεσθαι ὅταν κλείωνται ἢ ἀνοίγωνται αἱ πύλαι· οὕτω μεγάλα τε καὶ σεσιδηρωμένα ἦν τὰ κλεῖθρα. 
20.5	τὸ δὲ αὐτὸ καὶ ἐν Αἰγίνῃ. ὅταν δὲ αἱ πύλαι κλεισθῶσιν, τοῖς φύλαξι σύνθημα καὶ παρασύνθημα δόντας ἐπὶ τὰ φυλάκια διαπέμψαι.
21.1	Περὶ δὲ ἀρμένων ἑτοιμασίας καὶ ὅσα χρὴ περὶ χώραν φιλίαν προκατασκευάζειν καὶ τὰ ἐν τῇ χώρᾳ ὡς δεῖ ἀφανίζειν ἢ ἀχρεῖα ποιεῖν τοῖς ἐναντίοις ὧδε μὲν παραλείπεται· ἐν δὲ τῷ Παρασκευαστικῷ περὶ τούτων τελείως δηλοῦται. 
21.2	περὶ δὲ φυλάκων καταστάσεως καὶ περιοδειῶν καὶ πανείων καὶ συνθημάτων καὶ παρασυνθημάτων τὰ μὲν πολλὰ ἐν τῇ Στρατοπεδευτικῇ βίβλῳ γραπτέον ὃν τρόπον δεῖ γενέσθαι, ὀλίγα δὲ αὐτῶν καὶ νῦν δηλώσομεν. 
22.1	Νυκτοφυλακεῖσθαι ἐν μὲν τοῖς κινδύνοις καὶ προσκαθημένων ἤδη ἐγγὺς πολεμίων πόλει ἢ στρατοπέδῳ ὧδε. 
22.2	τὸν μὲν στρατηγὸν τὸν τοῦ ὅλου ἡγεμόνα καὶ τοὺς μετʼ αὐτοῦ τετάχθαι κατὰ τὰ περιαρχεῖα καὶ τὴν ἀγοράν, ἐὰν ὀχυρότητος μετέχῃ· εἰ δὲ μή, προκατειληφέναι τόπον τῆς πόλεως ἐρυμνότατόν τε καὶ ἐπὶ πλεῖστον ἀπʼ αὐτοῦ τῆς πόλεως ὁρώμενον. 
22.3	περὶ δὲ τὸ στρατήγιον σκηνοῦν καὶ διατελεῖν ἀεὶ τὸν σαλπιγκτὴν καὶ τοὺς δρομοκήρυκας, ἵν̓, ἐάν τι δέῃ σημῆναι ἤ παραγγεῖλαι, ἐξ ἑτοίμου ὑπάρχωσι, καὶ οἵ τε ἄλλοι φύλακες τὸ μέλλον αἴσθωνται καὶ οἱ περίοδοι ὅπου ἂν ὄντες τύχωσι κατὰ περιοδίαν τῆς πόλεως. 
22.4	ἔπειτα τούς τε ἐπὶ τῷ τείχει φύλακας καὶ τοὺς ἐν τῇ ἀγορᾷ καὶ ἐπὶ τῶν ἀρχείων καὶ τῶν εἰς τὴν ἀγορὰν εἰσβολῶν καὶ τοῦ θεάτρου καὶ τῶν ἄλλων κατεχομένων χωρίων διὰ βραχέων τε φυλάσσειν, καὶ πολλὰς εἶναι τὰς φυλακὰς καὶ ἅμα πολλοὺς ἀνθρώπους. 
22.5	ἐν γὰρ τῷ δι’ ὀλίγου φυλάσσειν οὔτʼ ἂν κατὰ μῆκος χρόνου δύναιτό τις πρᾶξαί τι πρὸς τοὺς πολεμίους καὶ νεωτερίσαι φθάσας, ἧττόν τʼ ἂν ὕπνοι ἐγγίγνοιντο διὰ βραχέος φυλασσόντων, τῷ τε πολλοὺς ἅμα φυλάσσειν μᾶλλον δύναιτο ἐκφερομυθεῖσθαί τι τῶν πρασσομένων. 
22.5a	ἐγρηγορέναι τε ὡς πλείστους ἄμεινον ἐν τοῖς κινδύνοις καὶ πάντας φυλάξαι ἐν τῇ νυκτί, ἵνʼ ὡς πλεῖστοι καθʼ ἑκάστην φυλακὴν προφυλάσσωσιν. 
22.6	ἐὰν δὲ ὀλίγοι τε καὶ μακρὰς φυλάσσωσιν, ὕπνος τʼ ἂν ἐγγίγνοιτο διὰ τὸ μῆκος τῶν φυλακῶν, καὶ εἴ τινές τι ἐγχειροῖεν νεωτερίσαι, ὑπάρχοι ἂν αὐτοῖς τοῦ χρόνου τὸ μῆκος καὶ φθάσαι καὶ λαθεῖν πράξαντάς τι πρὸς τοὺς πολεμίους· διὸ δεῖ τὰ τοιαῦτα μὴ ἀγνοεῖν. 
22.7	ἔτι δὲ χρὴ ἐν τοῖς κινδύνοις καὶ τάδε προνοεῖν. τῶν φυλάκων μηδένα προγιγνώσκειν μήτε ὁπόστην μήτε ὅπου φυλάξει τῆς πόλεως· μηδὲ τῶν αὐτῶν ἀεὶ τοὺς αὐτοὺς ἡγεῖσθαι, ἀλλʼ ὡς πυκνότατα πάντα μεθιστάναι τὰ περὶ τὴν πολιτοφυλακίαν· οὕτω γὰρ ἂν ἥκιστά τις δύναιτο τοῖς ἔξω προδιδοὺς δηλοῦν τι ἢ προσδέξασθαι παρὰ τῶν πολεμίων, 
22.8	μὴ προειδότες ὅπου τοῦ τείχους τὴν νύκτα ἔσονται μηδὲ μεθʼ ὧν, ἀλλʼ ἀγνοοῦντες τὸ μέλλον. καὶ τοὺς ἡμέρας φυλάξαντας μὴ φυλάσσειν νυκτός· οὐ γὰρ ἐπιτήδειον προειδέναι ἃ μέλλει ἕκαστος πράσσειν. 
22.9	Προφυλάσσοιέν τʼ ἂν ἐκ τῶν ἐπὶ τῷ τείχει φυλακίων προφύλακες ὧδε. ἐξ ἑκάστου γὰρ φυλακίου καθʼ ἑκάστην φυλακὴν προφυλασσόντων εἷς ἀνὴρ ἐπὶ τὸ ἐχόμενον φυλάκιον, καὶ ἀπʼ ἐκείνου ἄλλος εἰς τὸ ἐχόμενον, καὶ ἀπὸ τῶν ἄλλων ἄλλοι εἰς τὰ ἄλλα· παρηγγέλθω δὲ ποιεῖν ἁπαξάπαντας τοῦτο ἀπὸ συσσήμων. 
22.10	καὶ οὕτω πολλοί τε καὶ ἅμα περιοδεύσουσιν καὶ μικρὸν ἕκαστος χωρίον κινηθήσεται, καὶ οὐ θαμὰ οἱ αὐτοὶ παρὰ τοῖς αὐτοῖς διατελοῦσι, πυκνὰ ἄλλων φυλάκων παρʼ ἄλλοις γιγνομένων φύλαξιν. τούτου δὲ οὕτω πρασσομένου οὐκ ἄν τι ἐκ τῶν φυλάκων νεωτερισθείη. 
22.11	Τοὺς δὲ προφυλάσσοντας ἀντιπροσώπους ἀλλήλοις ἑστάναι· οὕτως γὰρ ἂν πάντῃ ἀπʼ αὐτῶν βλέποιντο, καὶ ἥκιστα ὑπό τινων ἀγρευθεῖεν λάθρᾳ προσελθόντων, ἅπερ ἤδη γεγονότα περὶ τὰ ἡμεροσκόπια δεδήλωται. 
22.12	ἐν δὲ ταῖς χειμεριναῖς καὶ σκοτειναῖς νυξὶν ἄλλην καὶ ἄλλην αὐτοὺς λίθους βάλλειν εἰς τὸ ἔξω μέρος τοῦ τείχους, καὶ ὡς δὴ ὁρωμένους τινὰς ὑπʼ αὐτῶν ἐρωτώντων τίνες εἶεν· ἀπὸ ταὐτομάτου γὰρ ἂν γνωσθεῖέν τινες προσπελάζοντες. 
22.13	ἂν δὲ δοκῇ, καὶ εἰς τὸ ἔσω μέρος τῆς πόλεως τὸ αὐτὸ ποιεῖν. οἱ δέ τινες τοῦτό φασιν βλαβερὸν εἶναι· τοὺς γὰρ προσιόντας τῶν πολεμίων ἐν τῷ σκότει προαισθάνεσθαι ὅτι ἐνταῦθα οὐ προσιτητέον ἐστὶ διὰ τὴν φωνήν τε τῶν περιόδων καὶ τὸ βάλλειν, 
22.14	ἀλλὰ μᾶλλον εἰς τὸν σιγώμενον τόπον. ἄριστον δʼ ἐν τοιαύταις νυξὶν ἔξω τοῦ τείχεος κύνας προσδεδέσθαι νυκτερεύοντας, οἵπερ ἐκ πλείονος ἐμφανιοῦσιν τὸν ἐκ τῶν πολεμίων κατάσκοπον ἢ αὐτόμολον προσπελάζοντα τῇ πόλει λαθραίως ἤ πῃ ὁρμώμενον αὐτομολοῦντα· ἅμα δὲ καὶ τὸν φύλακα, ἐὰν τύχῃ καθεύδων, ἐγείρουσι διὰ τὸν ὑλαγμόν. 
22.15	Ἧι δʼ ἂν τῆς πόλεως εὐπρόσοδα καὶ εὐεπίθετα τοῖς πολεμίοις ᾖ, τῇδε φύλακας καθιστάναι τοὺς τὰ πλεῖστα κεκτημένους καὶ ἐντιμοτάτους τε καὶ τῶν μεγίστων μετέχοντας τῇ πόλει· μάλιστα γὰρ ἂν αὐτοῖς προσήκοι μὴ πρὸς ἡδονὰς τραπέσθαι, ἀλλὰ μεμνημένους ἂν τὸν νοῦν προσέχειν. 
22.16	ἐν δὲ ταῖς πανδήμοις ἑορταῖς χρὴ τῶν κατὰ πόλιν φυλάκων ὅσοι ἐν σώμασι μάλιστα ὕποπτοι τοῖς αὑτῶν καὶ ἄπιστοι, ἀφίεσθαι ἀπὸ τῶν φυλακείων κατʼ οἰκίας ἑορτάζειν. 
22.17	καὶ ἅμα μὲν πολυωρεῖσθαι δόξουσιν, ἅμα δὲ οὐδὲν ἂν ἐπʼ αὐτοῖς εἴη πρᾶξαι. ἀντὶ δὲ τούτων ἄλλους εἰς τὰ φυλακεῖα καθιστάναι πιστοτέρως ἔχοντας· περὶ γὰρ τὰς ἑορτὰς καὶ τοὺς τοιούτους καιροὺς μάλιστα οἱ βουλόμενοί τι νεωτερίζειν ἐγχειροῦσιν. 
22.18	ὅσα δὲ πάθεα γέγονε περὶ τοὺς τοιούτους καιρούς, ἐν ἄλλοις δηλοῦται. 
22.19	Μᾶλλον δὲ ἅμα τούτοις μηδὲ τὰς ἀναβάσεις ἐπὶ τὸ τεῖχος εὐπόρους εἶναι ἀλλὰ κλειστάς, ἵνα μηδενὶ ἐγγίγνηται προκαταλαμβάνειν τι τοῦ τείχους βουλομένῳ ἐνδοῦναι τοῖς πολεμίοις, ἀλλʼ ὦσιν οἱ φύλακες οὓς ἂν σὺ βούλῃ ἐξ ἀνάγκης ἐπὶ τοῦ τείχους διατελοῦντες καὶ μὴ καταβαίνοντες, ἄν τέ τινες ἔξωθεν τῆς πόλεως λάθωσιν ὑπερβάντες, μὴ ῥᾳδίως διὰ ταχέων καταβαίνωσιν ἀπὸ τοῦ τείχους εἰς τὴν πόλιν, ἐὰν μὴ θέλωσιν ἀφʼ ὑψηλῶν καταπηδῶντες κινδυνεύειν καὶ μήτε λαθεῖν μήτε φθάσαι. πρέποι δʼ ἂν τὸ παρασκεύασμα τοῦτο περὶ τὰς ἀναβάσεις καὶ ἐν τυράννου ἀκροπόλει. 
22.20	μετὰ δὲ τὴν ἐν Νάξῳ ναυμαχίαν ἐπιβουλευόμενος ὁ φρούραρχος Νικοκλῆς ἀναβάσεις κλειστὰς ποιήσας κατέστησε φύλακας ἐπὶ τῷ τείχει, ἔξω δὲ τῆς πόλεως περιοδίας ἐποιεῖτο μετὰ κυνῶν· προσεδέχοντο γὰρ ἔξωθέν τινα ἐπιβουλήν. 
22.21	Ἐν ὁμονοοῦσι δὲ καὶ μηδενὸς ὑποπτεύοντος ἐν τῇ πόλει ἐν τοῖς ἐπὶ τῷ τείχει φυλακείοις δεῖ τὰς νύκτας λύχνα καίεσθαι ἐν λαμπτῆρσιν, ἵνα καθʼ οὓς ἄν τι προσπελάζῃ πολέμιον, ἄρωσι τῷ στρατηγῷ τὸν λαμπτῆρα. 
22.22	ἐὰν δὲ μὴ φαίνηται πρὸς τὸν στρατηγὸν ὁ λαμπτὴρ τόπου κωλύοντος, ἄλλος διαδεκτὴρ ὑπολαμβάνων λαμπτῆρι φαινέτω τῷ στρατηγῷ, ὁ δὲ στρατηγὸς τὸ ἐμφανιζόμενον αὐτῷ τοῖς ἄλλοις φύλαξι δηλούτω σάλπιγγι ἢ τοῖς δρομοκήρυξιν, ὁποτέρως ἂν συμφέρῃ. 
22.23	κατὰ δὲ τοὺς καιροὺς τούτους καὶ οὕτω περὶ τὰς φυλακὰς διατελούντων παραγγελλέσθω τῷ ἄλλῳ ὄχλῳ, ὅταν σημανθῇ μηδένα ἐξιέναι· ἐὰν δέ τις ἐξίῃ ἐπί τινα πρᾶξιν ἀναγκαῖον, μετὰ λαμπτῆρος πορεύεσθαι, ἵνα πόρρωθεν κατάδηλος ᾖ τοῖς περιοδεύουσι. 
22.24	μηδʼ ἐργάζεσθαι μηδένα δημιουργὸν ἢ χειροτέχνην, ἵνα μὴ ψόφοι ἀπό τινων γίγνωνται τοῖς φύλαξιν. Ὃν δ̓ἂν τρόπον ἴσως καὶ κοινῶς μακροτέρων ἢ βραχυτέρων νυκτῶν γιγνομένων καὶ πᾶσιν αἱ φυλακαὶ γίγνοιντο, πρὸς κλεψύδραν χρὴ φυλάσσειν, ταύτην δὲ συμμεταβάλλειν διὰ δεχημερίδος. 
22.25	μᾶλλον δὲ αὐτῆς κεκηρῶσθαι τὰ ἔσωθεν, καὶ μακροτέρων μὲν γιγνομένων τῶν νυκτῶν ἀφαιρεῖσθαι τοῦ κηροῦ, ἵνα πλέον ὕδωρ χωρῇ, βραχυτέρων δὲ προσπλάσσεσθαι, ἵνα ἔλασσον δέχηται. περὶ μὲν οὖν φυλακῶν ἰσότητος ἱκανῶς μοι δεδηλώσθω. 
22.26	Ἐν δὲ τοῖς ἀκινδυνοτέροις τοὺς ἡμίσεας τῶν προγεγραμμένων εἰς τὰς φυλακὰς καὶ περιοδίας χρὴ τετάχθαι, καὶ οὕτω τὸ ἥμισυ τῆς στρατιᾶς νύκτα ἑκάστην φυλάξει· ἀκινδύνων δὲ καὶ εἰρηναίων ὄντων ἐλάχιστά τε καὶ ἐλαχίστους τῶν ἀνθρώπων ὀχλεῖν. 
22.27	καὶ ἐάν τε περιοδείας χρὴ τῷ στρατηγῷ, σκυταλίδα ἔχουσαν σημεῖον παρὰ τοῦ στρατηγοῦ παραδίδοσθαι τῷ πρώτῳ φύλακι, τοῦτον δὲ τῷ ἐχομένῳ καὶ ἕτερον ἑτέρῳ, μέχρι ἂν περιενεχθῇ ἡ σκυταλὶς κύκλῳ τὴν πόλιν καὶ κομισθῇ παρὰ τὸν στρατηγόν· προειρῆσθαι δὲ τοῖς προφύλαξιν μὴ πορρωτέρω προενεγκεῖν τὴν σκυταλίδα τοῦ ἐχομένου φύλακος. 
22.28	ἐὰν δʼ ὁ ἐλθὼν καταλάβῃ τόπον ἔρημον φύλακος, πάλιν ἀντιδιδόναι παρʼ οὗ ἔλαβεν τὴν σκυταλίδα, ἵνʼ αἴσθηται ὁ στρατηγὸς καὶ γνῷ τὸν μὴ παραδεξάμενον ἀλλʼ ἐκλείποντα φυλακήν. 
22.29	ὃς δʼ ἂν φυλακῆς αὐτῷ οὔσης μὴ παρῇ εἰς τὸ τεταγμένον, ὁ λοχαγὸς αὐτοῦ παραχρῆμα τὴν φυλακὴν ἀποδόσθω, ὁπόσον δἂν εὑρίσκῃ, καὶ καταστησάτω ὅστις ὑπὲρ αὐτοῦ φυλάξει. ἔπειτα ὁ πρόξενος ἐξ αὐτῆς ἀποδιδότω τῷ πριαμένῳ τὴν φυλακήν, ὁ δὲ ταξίαρχος αὐτὸν τῇ ὑστεραίᾳ ζημιούτω τῇ νομιζομένῃ ζημίᾳ. 
23.1	Ἐπεξόδους δὲ ποιούμενον λαθραίως ἐν νυκτὶ τοῖς προσκαθημένοις πολεμίοις τάδε προνοεῖν. πρῶτον μὲν φυλάξαι ὅπως μή τις ἐξαυτομολήσῃ· ἔπειτα φῶς ὑπαίθριον μηδὲν εἶναι, ἵνα μὴ ὁ ὑπὲρ τῆς πόλεως ἀὴρ πυρωδέστερος ὢν τοῦ ἄλλου ἐκφήνῃ τὸ μέλλον. 
23.2	τούς τε τῶν κυνῶν ὑλαγμοὺς καὶ τῶν ἀλεκτρυόνων τὰς φωνὰς ἀφανίζειν ἄφωνα ποιοῦντα τόνδε τὸν καιρόν, ἐπικαύσαντά τι τοῦ σώματος· καὶ γὰρ αἱ τούτων φωναὶ πρὸ ὄρθρου φθεγγόμεναι ἐκφαίνουσι τὸ μέλλον. 
23.3	ἐποιήσαντο δέ τινες καὶ τοιόνδε τεχνάσαντες. στασιασμοῦ προσποιητοῦ μετὰ προφάσεως εὐλόγου γενομένου παρʼ αὐτοῖς, καιρὸν τηρήσαντες καὶ ἐπεξελθόντες ἐπέθεντο παρʼ ἐλπίδα τοῖς πολεμίοις καὶ κατώρθωσαν. 
23.4	ἤδη δέ τινες τειχήρεις ὄντες καὶ ὧδε ἔλαθον ἐπεξελθόντες. τὰς μὲν πύλας ἀπέδειμαν ὁρατῶς τοῖς πολεμίοις· ᾗ δὲ μάλιστα εὐεπιθέτως εἶχον οἱ ἐναντίοι, ταύτῃ κατεπέτασαν ἀκάτειον καὶ ἀνῆραν διὰ χρόνου τινός, ὥστε κατʼ ἀρχὰς μὲν θαυμάσαι τοὺς πολεμίους, ὕστερον δὲ καὶ πολλάκις γιγνομένου ἀμέλειαν εἶχον. 
23.5	οἱ δὲ ἐν τῇ πόλει ἐν νυκτὶ διελόντες τοῦ τείχους ὅσον ἤθελον, καὶ ἀντιδομὴν παρασκευασάμενοι κατεπέτασαν τὸ ἱστίον. τηρήσαντες δὲ καιρὸν ἐπεξελθόντες ἐπέθεντο παραδόξως τοῖς πολεμίοις· ποιοῦντες δὲ ταῦτα ἐφύλασσον μή τις αὐτομολήσῃ. διὸ δεῖ μηδὲν τῶν τοιούτων παρορᾶν. 
23.6	Οὐ μὴν οὐδʼ ἐν ταῖς νυξὶν ἀσκέπτως μετʼ ὄχλου ἐκπορευτέον, οἷα καὶ ἐν τοῖς καιροῖς τῶν ἐπιβουλευόντων τινὲς τεχνάζουσιν, οἱ μὲν ἔσω τῆς πόλεως οἱ δὲ καὶ ἔξωθεν, προσάγεσθαι βουλόμενοι τοιοῖσδε ἀπατήμασι, πυρσεύσαντές τι ἢ ἐμπρήσαντες νεώριον ἢ γυμνάσιον ἢ ἱερὸν πάνδημον ἢ δι’ ὅπερ ἂν ἔξοδος γένοιτο πλήθους ἀνθρώπων καὶ οὐ τῶν τυχόντων. προνοοῦντα οὖν καὶ τὰ τοιαῦτα μὴ ἑτοίμως ἀποδέχεσθαι. 
23.7	πρᾶξις δὲ καὶ ἥδʼ ἐξοισθήσεται ἐξ ἀρχόντων. προετοιμάσαντες κατὰ τὴν χώραν θόρυβον γενέσθαι καὶ ἐκ τῶν ἀγρῶν εἰς τὴν πόλιν ἀγγελθῆναι κλωπῶν ἐπιβουλήν, δι’ ὅπερ ἔμελλον οἱ πολῖται σπεύσειν εἰς βοήθειαν, 
23.8	γενομένου δὲ τούτου οἵ τε ἄρχοντες καὶ οἱ συνεθέλοντες τοὺς πολίτας παρεκάλουν εἰς βοήθειαν. ἐπειδὴ δʼ ἠθροίσθη τὸ πλῆθος τῶν πολιτῶν πρὸς τὰς πύλας σὺν ὅπλοις, τοιόνδε ἐτεχνάσαντο. 
23.9	προεῖπον οἱ ἄρχοντες τοῖς ἠθροισμένοις ὅτι τρία μέρη αὐτοὺς γενομένους δεῖ ἐνεδρεῦσαι μικρὸν ἀπωτέρω τῆς πόλεως, παραγγείλαντες ἃ προσῆκεν πρὸς τὰ μέλλοντα, τοῖς δὲ ἀκούουσιν ἦν ἀνύποπτα. 
23.10	καὶ τοὺς μὲν ἐξαγαγόντες ἐκάθισαν εἰς χωρία ἐπιτήδεια ὡς ἐνεδρεύσοντας τοῖς ἐμβεβληκόσι πολεμίοις· αὐτοὶ δὲ λαβόντες σώματα αὐτοῖς συνίστορα τῆς πράξεως προεπορεύοντο ὡς κατασκεψόμενοί τε τὰ ἀγγελλόμενα καὶ προκινδυνεύσοντες τῶν ἄλλων, ἵνα δῆθεν προαγάγοιεν τοὺς πολεμίους εἰς τὰς ἐνέδρας ὡς ὑποφεύγοντες. 
23.11	πορευθέντες δὲ εἰς τόπον ὅπου ἦν αὐτοῖς ξενικὸν προητοιμασμένον κρυφαίως κομισθέντες κατὰ θάλατταν, ἀναλαβόντες ἔφθασαν καὶ ἔλαθον εἰσαγαγόντες εἰς τὴν πόλιν κατʼ ἄλλας ὁδούς, ὡς τοὺς ἐπεξελθόντας πολίτας πάλιν ἀπαγαγόντες· τὴν δὲ πόλιν καταλαβόντες τοῖς ξένοις τῶν ἐν ταῖς πόλιν καταλαβόντες τοῖς ξένοις τῶν ἐν ταῖς ἐνέδραις ὄντων τοὺς μὲν ἐφυγάδευον, τοὺς δὲ ἐδέχοντο. διὸ δεῖ πάντα τὰ τοιαῦτα ὑποπτεύειν καὶ μὴ ἀλογίστως νύκτωρ εἰς πολεμίους ἔξοδον πλήθους ποιεῖσθαι. 
24.1	Παραδιδόντα δὲ συνθήματα δεῖ προνοεῖν, ἐὰν τύχῃ τὸ στράτευμα μιγάδες ὄντες ἀπὸ πόλεων ἢ ἐθνῶν, ὅπως μή, ἂν παρέχῃ τὸ ἓν εἶδος δύο ὀνόματα, ἀμφιβόλως παραδοθήσεται, οἷον τάδε, Διόσκουροι Τυνδαρίδαι, περὶ ἑνὸς εἴδεος δύο ὀνόματα οὐ τὰ αὐτά· 
24.2	καὶ ἄλλοτε δὲ Ἄρης Ἐνυάλιος, Ἀθηνᾶ Παλλάς, ξίφος ἐγχειρίδιον, λαμπὰς φῶς, καὶ ἄλλα ὁμότροπα τούτοις, ἅπερ δυσμνημόνευτά ἐστιν παρὰ τὰ νομιζόμενα ἑκάστῳ ἔθνει τῶν ἀνθρώπων καὶ βλάβην φέρει, ἐὰν κατὰ γλῶσσάν τις παραγγέλλῃ μᾶλλον ἢ κοινόν τι ἅπασιν. 
24.3	ἐν μιγάσι δʼ οὖν ξένοις οὐ δεῖ τὰ τοιαῦτα παραγγέλλειν, οὐδὲ ἐν ἔθνεσι συμμάχοις. οἷον Χαριδήμῳ Ὠρείτῃ περὶ τὴν Αἰολίδα συνέβη, καταλαβόντι Ἴλιον τρόπῳ τοιῷδε. 
24.4	τῷ ἄρχοντι τοῦ Ἰλίου ἦν οἰκέτης ἐκπορευόμενος ἐπὶ λείαν ἀεί, καὶ μάλιστα ἐν ταῖς νυξὶν ἐξεπορεύετο καὶ εἰσεπορεύετο εἰσάγων τὰ ἀγρευθέντα ἑκάστοτε. 
24.5	ἐν δὲ τῷ χρόνῳ τούτῳ καταμαθὼν ὁ Χαρίδημος ταῦτα πράσσοντα οἰκειοῦται, καὶ εἰς λόγους κρυφαίους ἀφικόμενος διομολογεῖται, καὶ ἔπεισεν αὐτὸν ἐκπορευθῆναι ἐν ῥητῇ νυκτὶ ὡς ἐπὶ λείαν· μεθʼ ἵππου δὲ ἐκέλευσεν αὐτὸν ἐξελθεῖν ἐν τῇ νυκτί, ἵνα αἱ πύλαι αὐτῷ ἀνοιχθεῖεν, ἀλλὰ μὴ κατὰ τὴν διάδυσιν ἢ τὴν ἐκτομάδα πυλίδα ὥσπερ εἰώθει, εἰσέλθοι. 
24.6	γενόμενος δʼ ἔξω καὶ διαλεχθεὶς τῷ Χαριδήμῳ ἔλαβεν παρʼ αὐτῶν ξένους ὡς τριάκοντα τεθωρακισμένους καὶ ἔχοντας ἐγχειρίδια καὶ ὅπλα καὶ περικεφαλαίας κρυφαίας. 
24.7	ὡς ἀπήγαγέν τε οὖν αὐτοὺς ἐν τῇ νυκτὶ ἐν ἐσθῆτι φαύλῃ καὶ ἔκρυψε τὰ ὅπλα, καὶ ὁμοιώσας αἰχμαλώτοις, μετʼ ἄλλων γυναικῶν καὶ παιδαρίων, καὶ τούτων ὡς αἰχμαλώτων, εἰσεπορεύετο ἀνοιχθεισῶν αὐτῷ τῶν πυλῶν διὰ τὸν ἵππον. 
24.8	ὅπου δὴ εὐθὺς οἱ εἰσελθόντες ἔργου εἴχοντο τὸν τε πυλωρὸν ἀποκτείναντες καὶ εἰς ἄλλας ξένας πράξεις ὁρμήσαντες, καὶ τῶν πυλῶν ἐγκρατεῖς ὄντες, ἐφʼ ἃς εὐθύς, οὐ πόρρω ὄντος τοῦ Χαριδήμου, παρῆσαν τάξεις καὶ κατέλαβον τὸ πόλισμα. 
24.9	μετὰ δὲ ταῦτα καὶ αὐτὸς εἰσεπορεύθη μετὰ πάσης τῆς δυνάμεως. ἅμα δὲ τούτοις καὶ τοιόνδʼ ἔπραξεν. 
24.10	τοῦ στρατεύματός τινι μέρει ἐνέδρας ἐποιήσατο, προνοήσας ὅτι παρέσοιτο βοήθεια ἐπὶ τὸ χωρίον. ὅπερ συνέβη· εὐθὺς γὰρ αἰσθόμενος Ἀθηνόδωρος Ἴμβριος, ὢν οὐ πόρρω μετὰ στρατεύματος, ἐπειρᾶτο βοηθεῖν ἐπὶ τὸ χωρίον. 
24.11	ἔτυχε δὲ καὶ αὐτὸς ἀγχίνως πάλιν ἀνθυποπτεύσας, καὶ οὐ τὰς ἐνεδρευομένας ὁδοὺς ἐπορεύθη πρὸς τὸ Ἴλιον, ἀλλὰ ἄλλας πορευθεὶς ἔλαθέν τε ἐν τῇ νυκτὶ καὶ ἦλθεν πρὸς τὰς πύλας. 
24.12	καὶ ἔλαθόν τινες συνεισελθόντες εἰς τὴν πόλιν ἐν τῷ θορύβῳ, ὡς τοῦ Χαριδήμου ὄντες στρατεύματος. 
24.13	ἔπειτα πρὸ τοῦ πλείονας εἰσελθεῖν ἐγνώσθησαν τῷ συνθήματι, καὶ οἱ μὲν ἐξέπεσον αὐτῶν, οἱ δὲ καὶ περὶ τὰς πύλας διεφθάρησαν· τοῖς μὲν γὰρ ἦν τὸ σύνθημα Τυνδαρίδαι, τοῦ δὲ Διόσκουροι. 
24.14	καὶ παρὰ τοῦτο ἐγένετο τὴν πόλιν μὴ ἀντικαταληφθῆναι παραχρῆμα ὑπὸ τοῦ Ἀθηνοδώρου ἐν τῇ αὐτῇ νυκτί. παραγγέλλειν οὖν χρὴ τὰ συνθήματα εὐμνημόνευτά τε καὶ ὡς μάλιστα ἀδελφὰ ταῖς μελλούσαις πράξεσι γίγνεσθαι, οἷον τάδε. 
24.15	ἐπὶ μὲν ἄγραν πορευομένοις Ἄρτεμιν Ἀγροτέραν, ἐπὶ δὲ κλοπήν τινα πράξεων Ἑρμῆν Δόλιον, ἐπὶ δὲ βιασμὸν Ἡρακλέα, τοῖς δὲ φανεροῖς ἐγχειρήμασιν Ἥλιον καὶ Σελήνην, καὶ ὡς μάλιστα ὁμότροπα τούτοις καὶ κοινότατα πᾶσιν. 
24.16	Ἰφικράτης δὲ οὐδὲ τὸ αὐτὸ σύνθημα ἐκέλευεν τὸν περίοδόν τε καὶ φύλακα ἔχειν, ἀλλὰ ἕτερον ἑτέρῳ δεδόσθαι, ἵνα ὁ μὲν τὸ πρῶτον ἐρωτηθεὶς ἀποκρίνηται Ζεὺς Σωτήρ, ἐὰν τοῦτο ἔχων τύχῃ, ὁ δʼ ἀντερωτηθεὶς Ποσειδῶν. οὕτω γὰρ ἂν ἥκιστα σφάλλοιντο ὑπὸ τῶν πολεμίων καὶ ἐξαυτομολοῖτο τὸ σύνθημα. 
24.17	πλάνης δὲ γενομένης τοῖς φύλαξιν ἀπʼ ἀλλήλων συριγμῷ χρῆσθαι πρὸς αὑτούς, τοῦτον δὲ προσυγκεῖσθαι· πλὴν γὰρ τῷ εἰδότι ἄγνωστος τοῖς ἄλλοις ἔσται, ἐάν τε Ἕλληνες ἐάν τε βάρβαροι ὦσιν. 
24.18	προενθυμεῖν δὲ τῶν κυνῶν, μὴ διὰ τὸν συριγμὸν ἀσύμφορον ἐξ αὐτῶν ᾖ. ἐχρήσαντο δὲ αὐτῷ καὶ ἐν Θήβαις ὅτε τὴν Καδμείαν καταλαβόντες ἐσκεδάσθησαν νυκτὸς καὶ ἠγνόησαν ἀλλήλους, πρὸς συριγμὸν δὲ συνελέγοντο. 
24.19	τὰ δὲ συνθήματα ἐρωτᾶσθαι κοινῶς τοῖς τε περιοδεύουσι καὶ προφύλαξιν· οὐδὲν γὰρ προσήκει τὸν ἕτερον ἐρωτᾶν. ὡς γὰρ περίοδος καὶ πολέμιος ἂν ἐρωτῴη. 
25.1	Ἔνιοι δὲ παρασυνθήμασι χρῶνται τῶν τε πανείων ἕνεκεν καὶ πρὸς τὸ γνωρίζειν μᾶλλον τοὺς φίλους. 
25.2	εἶναι δὲ καὶ παρασυνθήματα ὡς ἰδιαίτατα καὶ δυσγνωστότατα τοῖς πολεμίοις. εἴη δʼ ἂν τὰ παρασυνθήματα τοιάδε. ἐν μὲν ταῖς σκοτειναῖς νυξὶν τό τε σύνθημα ἐρωτᾶν καὶ φωνεῖν τι, μᾶλλον δὲ καὶ ψόφον ἐμφανίσαι, τὸν δὲ ἐρωτώμενον τό τε σύνθημα ἀποκρίνεσθαι καὶ ἄλλο τι προσυγκείμενον φωνῆσαι ἢ ψόφον ἐμφανίσαι· ἐν δὲ τοῖς φαεινοῖς χρόνοις τὸν μὲν ἐρωτῶντα τὸ σύνθημα τὸν πῖλον ἀφελέσθαι ἢ ἐν τῇ χειρὶ ἔχοντα ἐπιθέσθαι, 
25.3	ἔστιν δὲ καὶ ἐπαγαγέσθαι τὸν πῖλον ἐπὶ τὸ πρόσωπον καὶ ἀπαγαγέσθαι ἀπὸ τοῦ προσώπου, 
25.4	ἔτι δὲ καὶ τὸ δόρυ καταπῆξαι προσιόντα ἢ εἰς τὴν ἀριστερὰν παραλαβεῖν, ἢ ἔχειν ἐν τῇ χειρὶ ἄραντα ἢ ἀνελέσθαι, τὸν δὲ ἐρωτώμενον τό τε σύνθημα ἀποκρίνασθαι καὶ τούτων τι προσυγκείμενον ποιῆσαι. 
26.1	Περιοδεύειν μὲν ἐν τοῖς κινδύνοις πρῶτον τῶν ἐν τῇ ἀγορᾷ ἠθροισμένων λόχων δύο ὑπὸ τὸ τεῖχος ἐναλλὰξ ἀλλήλοις, διεσκευασμένους τοῖς ὑπάρχουσιν ὅπλοις καὶ παρασυνθήμασιν, ὡς ἀκριβῶς ἐκ πλείονος διαγνῶναι ἑαυτούς. 
26.2	τοὺς δὲ τὴν πρώτην φυλακὴν περιοδεύοντας ἀδείπνους χρὴ περιοδεύειν· τυγχάνουσι γὰρ οἱ τὴν πρώτην προφυλάσσοντες ἀπὸ δείπνου ὄντες ῥᾳθυμοτέρως τε καὶ ἀκολαστοτέρως διακείμενοι. 
26.3	περιοδεύειν δὲ ἄνευ λαμπτῆρος, ἂν μὴ λίαν χειμὼν ᾖ καὶ σκότος· εἰ δὲ μή, οὕτω ὁ λαμπτὴρ φεγγέτω, εἰς ὕψος μὲν μηδέν (κεκαλύφθω γάρ τινι), ἐπὶ δὲ τὴν γῆν καὶ τὰ πρὸ τῶν ποδῶν μόνον φεγγέτω. 
26.4	ἐν ἱπποτροφούσῃ δὲ πόλει καὶ ἐν ἱππασίμῳ χειμῶνος ἱππεῦσι περιοδεύειν· ἐν γὰρ τοῖς ψύχεσιν καὶ πηλοῖς καὶ μήκεσι τῶν νυκτῶν θᾶσσον ἀνύοιτʼ ἂν ἡ περιοδεία. 
26.5	ἐὰν δὲ ἅμα τούτοις καὶ ἐπὶ τοῦ τείχους περιοδεύωσιν, ὥστε τινὰς μὲν τὰ ἔξω τοῦ τείχους ἐπισκοπεῖσθαι, τινὰς δὲ τὰ ἔσω· 
26.6	ἔχειν δὲ καὶ περιοδεύοντας λίθους ἐν ταῖς σκοτειναῖς νυξὶ καὶ βάλλειν ἄλλην καὶ ἄλλην εἰς τὸ ἔξω μέρος τοῦ τείχους. οἱ δὲ οὐκ ἐπαινοῦσι τοῦτο διὰ τὰ προγεγραμμένα. 
26.7	ἐν ὑποψίᾳ ὄντων ἀλλήλοις χρὴ δὲ τὰς περιοδείας εἶναι κάτω τοῦ τείχους, καὶ μὴ ἀναβαίνειν τοὺς περιόδους πλὴν τῶν φυλάκων. Καὶ ἐὰν στράτευμα κεκακοπαθήκῃ μάχῃ λειφθέν, ἢ διὰ τὸ πλῆθος ἀποβαλεῖν νεκρῶν ἢ τραυματιῶν, ἢ συμμάχων ἀποστάσει ἢ δι’ ἄλλο τι σύμπτωμα ἀθυμῇ καὶ τεταπεινωμένον ᾖ, ἐπικίνδυνά τε ᾖ πολεμίων ἐγγὺς ὄντων, χρὴ τὰ προγεγραμμένα κατὰ τὰς φυλακὰς πράσσειν. 
26.8	καὶ τὰς περιόδους ἐν τοῖς τοιούτοις καιροῖς πυκνάς τε χρὴ περιοδεύειν καὶ οὐ δεῖ προθυμεῖσθαι ἐν ταῖς περιοδείαις εὑρίσκειν τινὰς τῶν προφυλασσόντων ἀμελεστέρως διακειμένους διὰ ὕπνον ἢ κάματον· οὐ γὰρ συμφέρει οὕτω διακείμενον τὸ στράτευμα ἔτι ἀθυμότερον καθιστάναι (εἰκὸς δὲ ὅταν εὑρεθῇ αἰσχρόν τι ποιῶν ἀθυμεῖν), ἀλλὰ μᾶλλον πρὸς θεραπείαν τε καὶ ἀνάληψιν αὑτῶν τραπέσθαι. 
26.9	καὶ περιόδους ἐν τοῖς τοιούτοις καιροῖς ἐκ πλείονος χωρίου καταδήλους εἶναι προσιόντας τοῖς φύλαξι φωνοῦντάς τι πόρρωθεν, ὅπως ἀνεγερθῇ ἐὰν καθεύδῃ ὁ προφύλαξ καὶ παρασκευάσηται ἀποκρίνεσθαι τὸ ἐρωτώμενον. 
26.10	ἄριστον δὲ αὐτὸν τὸν στρατηγὸν ἐν τοῖς τοιούτοις καιροῖς ἐπιμελῶς ἑκάστην περιοδεύειν μετὰ τῶν αὐτῶν ἀπολέκτων ἀνδρῶν. ὑπεναντίως δὲ τούτοις διακειμένου στρατεύματος ἐπισπερχεστέρως τοὺς φύλακας ἐξετάζειν. 
26.11	ἐφοδεύειν τε τὸν στρατηγὸν μηδέποτε τὴν αὐτὴν ὥραν ἀλλʼ ἀεὶ διαλλάσσοντα, ἵνα μὴ προειδότες σαφῶς ἐκ πολλοῦ χρόνου τὴν ἄφιξιν τοῦ στρατηγοῦ οἱ στρατιῶται ταύτην μάλιστα τὴν ὥραν φυλάσσωσιν. 
26.12	Ἀποδέχονται δὲ τινες καὶ τόδε ἐπαγγελλομένων τινῶν καὶ κελευόντων. τὸν πολίταρχον, ἐὰν μὴ θέλῃ περιοδεύειν διὰ κόπον τινὰ ἢ ἀρρωστίαν, θέλῃ δὲ εἰδέναι τὸν μὴ φυλάσσοντα καθʼ ἑκάστην φυλακήν, τάδε ποιεῖν χρή· 
26.13	λαμπτῆρας εἶναι προσυγκείμενον ἔστω πᾶσι τοῖς ἐπὶ τῷ τείχει φύλαξιν καὶ ἕνα πρὸς ὃν πάντες ἀνταροῦσιν οἱ προφύλακες· ἀειρέσθω δὲ ἐκ τόπου ὅθεν πάντες ὄψονται οἱ ἐπὶ τοῦ τείχους φύλακες. 
26.14	ἐὰν δὲ μὴ ὑπάρχῃ ὁ τοιοῦτος τόπος, παρασκευασθήτω ἔκ τινων ὕψος ὡς μέγιστον. ἔπειτα ἀπὸ τούτου αἰρέσθω λαμπτήρ, καὶ πρὸς τοῦτον ἀνταίρεσθαι τοὺς ἄλλους καθʼ ἕνα ἕκαστον ἀφʼ ἑκάστου φυλακείου. ἔπειτα ἀριθμεῖσθαι, καὶ οὕτως εἰδέναι εἰ πάντες ἦραν οἱ προφύλακες ἢ ἐκλείπει τις τῶν φυλάκων. 
27.1	Τοὺς δὲ περὶ πόλιν ἢ στρατόπεδα ἐξαίφνης θορύβους καὶ φόβους γενομένους νυκτὸς ἢ μεθʼ ἡμέραν, ἅπερ ὑπό τινων καλεῖται πάνεια (ἔστιν δὲ τὸ ὄνομα Πελοποννήσιον καὶ μάλιστα Ἀρκαδικόν), 
27.2	πρὸς ταῦτʼ οὖν τινες κελεύουσι, καταπαύειν θέλοντες αὐτά, προσυγκεῖσθαι τοῖς ἐν τῇ πόλει σημεῖα, ἃ ἰδόντες γνώσονται· γνώσονται δὲ ὅτι ἔστιν πάνειον ὧδε· αἰσθήσονται διὰ πυρός τι προσυγκείμενον ἐπὶ χώρου εὐκατόπτου πᾶσιν εἰς δύναμιν τοῖς ἐν τῇ πόλει. 
27.3	ἄριστον δὲ προπαρηγγέλθαι, καθʼ οὓς ἂν τῶν στρατιωτῶν γένηται φόβος, κατὰ χώραν τε ἠρεμεῖν καὶ ἀναβοᾶν παιᾶνα, ἢ λέγειν ὅτι εἴη πάνειον καὶ τὸν ἀκούοντα ἀεὶ τῷ πλησίον παραγγέλλειν. 
27.4	καθʼ οὓς ἂν τοῦ στρατεύματος μὴ ἀντιπαιανίζωσιν, εἰδέναι κατὰ τούτους τὸν φόβον ὄντα. ἐὰν δέ τι ὁ στρατηγὸς φοβερὸν αἴσθηται, τῇ σάλπιγγι σημαίνειν· τοῦτο δʼ ἔστω γνωστὸν ὅτι εἴη τὸ πολέμιον. μάχης δὲ γενομένης καὶ νικηθέντων ὡς τὰ πολλὰ γίγνονται φόβοι, ἐνίοτε μὲν καὶ ἡμέρας, καὶ νυκτὸς δὲ καὶ πάνυ. 
27.5	ὡς δὲ οὖν ἧσσόν τι τοιοῦτον γενέσθαι, χρὴ εἰς τὴν νύκτα παρηγγέλθαι τοῖς στρατιώταις πᾶσι κατὰ τὰ ὅπλα εἶναι ὡς μάλιστα, ὡς ἐσόμενόν τι περὶ αὐτούς. 
27.6	προειδότας οὖν εἰκός ἐστιν, ἐάν τι γίγνηται, μὴ ἀπροσδοκήτους προσπεσεῖν, μηδὲ ὑπὸ φόβων ἐξαπιναίων ταράσσεσθαι καὶ ἀπόλλυσθαι. 
27.7	Εὐφράτας δέ, ὁ Λακώνων ἁρμοστὴς ἐπὶ Θρᾴκης, ἐπεὶ αὐτῷ πυκνὰ ἐγίγνοντο ἐν τῷ στρατεύματι τὰς νύκτας φόβοι, καὶ οὐκ ἠδύναντο ἄλλῳ τρόπῳ παῦσαι, τοιόνδε παρήγγειλεν εἰς νύκτα. 
27.8	ὅταν τις θόρυβος γίγνηται, ἀνακαθίζειν αὐτοὺς εὐθὺς πρὸς τὰ ὅπλα ἐν τῇ εὐνῇ, ἀνίστασθαι δὲ μηδένα ὀρθόν· ἂν δέ τις ἴδῃ τινὰ ὀρθόν, παρήγγειλεν ἐν πᾶσιν, ὥσπερ πολεμίῳ τῷ ἐπαναστάντι χρῆσθαι. 
27.9	διὰ γὰρ τὸν φόβον τοῦ παραγγελθέντος οὐδένα ᾤετο ἀμνημονήσειν. πρὸς δὲ τούτοις, ὅπως ἀληθῶς τὸ παράγγελμα μετὰ φόβου ᾖ, γενομένου τινὸς θορύβου ἐπλήγη τις τῶν σπουδαιοτέρων ἀνδρῶν οὐχὶ θανατηφόρον, τῶν δὲ φαύλων τινὰ ὥστε καὶ ἀποθανεῖν. 
27.10	συμβάντος δὲ τούτου ὑπήκουσάν τε οἱ ἄνθρωποι καὶ εὐλαβούμενοι ἐπαύσαντο τῶν τε θορύβων καὶ τοῦ περιδεῶς ἐξανίστασθαι ἐκ τῶν κοιτῶν. 
27.11	ἐπαύθη δὲ καὶ τοιῷδε τρόπῳ. στρατοπέδῳ θορυβουμένῳ νυκτὸς κηρύξας σιγὴν ὁ κήρυξ ἀνήγγειλεν τὸν μηνύσαντα τὸν ἀφέντα τὸν ἵππον δι’ ὃν ἦν τὸ θορυβηθῆναι δῶρον ἀργυρίου λήψεσθαι. 
27.12	χρὴ δ̓, ἄν τι τοιοῦτον ἐν ταῖς νυξὶ πάσχῃ στράτευμα, καθʼ ἑκάστην φυλακὴν καθεστάναι ἑκάστου λόχου ἢ τάξεως ἐπὶ τοῖς κέρασι καὶ τοῖς μέσοις ἄνδρας οἳ προσέξουσιν ὅπως ἐάν τινα αἰσθάνωνται ἐκ τοῦ ὕπνου ἢ ἄλλως ἐρχόμενον θόρυβον, εὐθὺ ὁ παρὼν καθέξει καὶ κωλύσει αὐτίκα. 
27.13	τοῦ δὲ ἄλλου πλήθους ἀπὸ συσσιτίου ἑκάστου ἄνδρα παραφυλάσσειν, ὅπως, ἐάν τις φόβος γένηται, οὗτοι δὴ εἰδότες τοὺς ματαίους φόβους καταπαύσωσι τοὺς παρʼ αὑτῷ ἕκαστος. 
27.14	Αὐτὸν δὲ θορυβεῖν νυκτὸς τὸ τῶν ἐναντίων στράτευμα δαμάλεις τὰς ἀγελαίας μετὰ κωδώνων ἀφιέντα εἰς τὸ στρατόπεδον καὶ ἄλλα ὑποζύγια, οἶνον ποτίσαντα. Ἔγερσις 
27.15	Γενομένης δὲ ἡμέρας χρὴ τοὺς φύλακας μὴ εὐθὺ ἀφιέναι ἐκ τῶν φυλακείων πρὶν ἢ τὰ ἔξω προερευνηθέντα ἐμφανισθῇ καὶ καθαρὰ εἶναι πολεμίων· καὶ οὕτω ἀπιέναι τοὺς ἀπὸ τῶν φυλακῶν μὴ ἅμα πάντας ἀλλὰ κατὰ μέρη, ὅπως ἀεί τινες ἐπὶ τοῖς φυλακείοις διατελῶσιν. 
28.1	Προνοεῖσθαι δὲ καὶ τάδε ἐν φόβῳ οὔσης πόλεως. πύλας τὰς μὲν ἄλλας κεκλεῖσθαι, μίαν δὲ ἀνεῷχθαι ᾗ ἂν δυσπροσοδώτατον ᾖ τῆς πόλεως καὶ ἐπὶ πλεῖστον ἀπʼ αὐτῆς μέλλωσιν ὁρᾶσθαι οἱ προσιόντες, 
28.2	καὶ ἐν ταύτῃ ἐκτομάδα, ἵνα σώματα μὲν ἀνθρώπων κατὰ τὴν ἐκτομάδα πυλίδα ἐξίῃ καὶ εἰσίῃ καθʼ ἕνα· οὕτω γὰρ ἂν ἥκιστά τις λανθάνοι αὐτομολῶν ἢ κατάσκοπος εἰσιών, 
28.3	ἐάνπερ γε ᾖ ὁ πυλωρὸς νοηρός. πᾶσαν δὲ ἀνοίγεσθαι ὑποζυγίων ἕνεκεν καὶ ἁμαξῶν καὶ ἀγωγίμων ἐπισφαλές. καὶ ἐάν τι δέῃ εἰσενέγκασθαι σίτου ἢ ἐλαίου ἢ οἴνου ἐν τάχει ἢ τῶν ὁμοτρόπων τούτοις, ἁμάξαις ἢ σωμάτων πλήθει, ταῦτα δὲ χρὴ κατὰ τὰς ἐγγύτατα πύλας κομίζειν, καὶ οὕτως ἂν τάχιστα καὶ ῥᾷστα εἰσκομισθείη. 
28.4	τὸ δʼ ὅλον μὴ ἀνοίγεσθαι πρωὶ πύλας ἀπροσκέπτως ἀλλʼ ὀψιαίτερον, ἔξω τε μηδένα ἀφίεσθαι πρὶν ἢ ἐξερευνῆσαι τὰ περὶ τὴν πόλιν· ἔτι τε μηδὲ πλοῖα κατὰ ταύτας ὁρμίζεσθαι ἀλλʼ ἀπωτέρω, ὡς ἤδη γε καὶ ἡμέρας πολλαὶ πράξεις ἀνοιχθεισῶν ἀμφοτέρων πυλῶν γεγόνασιν ἐπὶ τεχνασμάτων καὶ προφάσεων τοιῶνδε· γνωσθήσεται δὲ ἐφʼ ἑνὸς ἔργου πολλὰ παραπλησίως τούτῳ πραχθέντα. 
28.5	Πύθων μὲν ὁ Κλαζομένιος, καὶ τῶν ἐν τῇ πόλει τινῶν συνεθελόντων, τηρήσας τελέως τὸ ἡσυχαίτατον τῆς ἡμέρας, ἁμάξαις ἐκ παρασκευῆς πίθους εἰσαγούσαις κατέλαβε Κλαζομενάς· μενουσῶν ἐν ταῖς πύλαις τῶν ἁμαξῶν, καθʼ ἅς, ξένων προϋπαρχόντων κρυφαίως οὐ πόρρω τῆς πόλεως, τοὺς μὲν τῶν πολιτῶν λαθόντες, τοὺς δὲ φθάσαντες, τινὰς δὲ τῶν ἔσω συνεργοὺς ἔχοντες κατέσχον τὴν πόλιν. 
28.6	Ἰφιάδης τε Ἀβυδηνὸς κατὰ Ἑλλήσποντον καταλαμβάνων Πάριον ἄλλα τε περὶ τὴν ἀνάβασιν νυκτὸς ἐπὶ τοῦ τείχους λάθρᾳ παρεσκευάσατο καὶ ἁμάξας πληρώσας φρυγάνων καὶ βάτων παρέπεμψεν πρὸς τὸ τεῖχος, ἤδη τῶν πυλῶν κεκλεισμένων, ὡς τῶν Παριανῶν οὔσας τὰς ἁμάξας, αἵτινες ἐλθοῦσαι πρὸς τὰς πύλας ηὐλίζοντο, ὡς φοβούμεναι πολεμίους. 
28.7	ἃς ἔδει ἐν καιρῷ τινι ὑφαφθῆναι, ἵνα αἱ πύλαι ἐμπρησθῶσι καὶ πρὸς τὸ σβεννύειν τῶν Παριανῶν ὁρμησάντων αὐτὸς κατὰ ἄλλον τόπον εἰσέλθῃ. Δοκεῖ δέ μοι συναγαγόντι δηλωτέον τίνα δεῖ φυλάσσεσθαι καὶ ἐν οἷς καιροῖς ἕκαστα, ἵνα τις μηδὲν εὐήθως ἀποδέχηται. 
29.1	Περὶ δὲ τῶν εἰσκομιζομένων εἰς τὴν πόλιν ἀγγείων τε καὶ φορημάτων, ἐν οἷς ἄν τι κρυφαῖον ἐνείη, οἷς ἤδη πόλις καὶ ἡ ἀκρόπολις κατελήφθη, 
29.2	νῦν δηλωθήσεται. ἅπερ εὐλαβεῖσθαι δεῖ καὶ μὴ ἀφροντίστως αὐτῶν ἔχειν, καὶ μάλιστα τὸν πυλωρὸν ἔν τισι καιροῖς, ὅταν ἔξωθέν τι ἢ ἔσωθεν φοβερὸν ᾖ. ἔστιν δέ οἱ προσεκτέον εἰσκομιζομένοις. ἐξοίσω δὲ καὶ παραδείγματος ἕνεκεν ἐπὶ πράξει γεγενημένα. 
29.3	κατελήφθη γὰρ πόλις, ἔσωθέν τινων συνθελόντων, ἐν ἑορτῇ πανδήμῳ τρόπῳ τοιῷδε. 
29.4	πρῶτον μὲν τοῖς προενδημήσασι ξένοις ἐπὶ τὸ μέλλον καὶ πολιτῶν τοῖς ἀνόπλοις τε καὶ συνεργοῖς ἐσομένοις εἰσεκομίσθησαν θώρακες λίνεοι καὶ στολίδια καὶ περικεφαλαῖα ὅπλα κνημίδες μάχαιραι τόξα τοξεύματα ἐν κιβωτοῖς ὡς φορταγωγοῖς κατεσκευασμένα, ὡς ἱματίων ἐνόντων καὶ ἄλλων ἀγωγίμων· 
29.5	ἅπερ οἱ ἐλλιμενισταὶ ἀνοίξαντες καὶ ἰδόντες ὡς ἱμάτια μόνον κατεσημήναντο, μέχρι τιμήσονται οἱ εἰσαγαγόντες. 
29.6	καὶ ταῦτα μὲν ἐτέθη ἐγγὺς τῆς ἀγορᾶς, ὅπου ἔδει· ἐν δὲ ταρσοῖς καὶ ῥίποις καὶ ἱστίοις ἡμιυφάντοις δοράτια καὶ ἀκόντια ἐνειλημένα εἰσηνέχθη, καὶ ἐτέθη ὅπου ἕκαστα συνέφερεν ἀνυπόπτως· ἐν δʼ ἄγγεσιν ἀχύρων καὶ ἐρίων πέλται καὶ μικρὰ ἀσπίδια ἐν τοῖς ἐρίοις καὶ ἀχύροις κεκρυμμένα, καὶ ἄλλα εὐογκότερα ἐν σαργάναις ἀσταφίδος καὶ σύκων πλήρεσιν, ἐγχειρίδια δὲ ἐν ἀμφορεῦσι πυρῶν καὶ ἰσχάδων καὶ ἐλαιῶν. 
29.7	εἰσηνέχθη δὲ ἐγχειρίδια καὶ ἐν σικυοῖς πέποσι γυμνά, ἀπεωσμένα κατὰ τοὺς πυθμένας εἰς τὸ σπέρμα τῶν σικυῶν. ὁ δʼ ἐπιβουλεύων τε καὶ ἡγεμὼν ἔξωθεν εἰσηνέχθη ἐν φρυγάνων φορήματι. 
29.8	νυκτὸς δὲ γενομένης καὶ ἀθροισθέντων τῶν ἐπιθησομένων, ἕκαστος ὃν ἔδει τηρήσαντες καιρόν, ἐν ᾧ μάλιστα οἰνωμένοι ἦσαν οἱ ἄλλοι κατὰ τὴν πόλιν οἷα δὴ ἐν ἑορτῇ, πρῶτον μὲν τὸ φόρημα ἐλύθη, καὶ ἐξ αὐτοῦ ὁ ἡγεμὼν ἕτοιμος ἦν· ἔπειτα ἄλλοι μὲν αὐτῶν τοὺς ταρσοὺς ἐξείλισσον πρὸς τὰς λήψεις τῶν δοράτων καὶ ἀκοντίων, ἕτεροι δὲ τὰ ἄγγη τῶν ἀχύρων καὶ ἐρίων ἐξεκένουν, οἱ δὲ τὰς σαργάνας ἀνέτεμνον, ἄλλοι δὲ τὰς κιβωτοὺς ἀνοίγοντες τὰ ὅπλα ἐξῄρουν, οἱ δὲ τοὺς ἀμφορέας συνέτριβον, ἵνα ταχεῖα ἡ λῆψις τῶν ἐγχειριδίων γένοιτο. 
29.9	ἅμα δὲ ταῦτα καὶ οὐ πόρρω ὄντα ἀλλήλων ἐπορσύνετο ἀπὸ σημείου τοῦ ἐν τῇ πόλει καὶ ὡς φάλαγξι γενομένου. 
29.10	ὁπλισθέντες δʼ ἕκαστοι τοῖς προσήκουσιν ὅπλοις οἱ μέν τινες αὐτῶν ἐπὶ πύργους ὥρμησαν καταλαβεῖν καὶ πύλας, καθʼ ἃς καὶ τοὺς ἄλλους προσεδέχοντο, οἱ δὲ ἐπὶ τὰ ἀρχεῖα καὶ τὰς ἐναντίας οἰκίας, οἱ δέ, ἄλλοι ἄλλων τόπων εἴχοντο. 
29.11	Εἰς δὲ ὁμοίας πράξεις τῶν εἰρημένων δεόμενοί τινες ἀσπίδων ἐπεὶ οὐδενὶ ἄλλῳ τρόπῳ ἐδύναντο ἑτοιμάσασθαι οὐδὲ εἰσαγαγέσθαι, πλῆθος οἰσυῶν καὶ ἐργάτας ἅμα τούτων εἰσηγάγοντο. 
29.12	καὶ ἐν μὲν τῷ φανερῷ ἄλλα ἀγγεῖα ἔπλεκον, ἐν δὲ ταῖς νυξὶν ὅπλα, περικεφαλαίας καὶ ἀσπίδας, ἔπλεκον, αἷς ὄχανα περιετίθεσαν σκύτινα καὶ ξύλινα. ἀλλὰ μὴν οὐδὲ τῶν κατὰ θάλατταν προσορμιζομένων πλοίων νυκτὸς καὶ ἡμέρας οὔτε μεγάλων οὔτε μικρῶν ἀδιασκέπτως ἔχειν, ἀλλὰ ἐμβαίνοντας τοὺς λιμενοφύλακάς τε καὶ ἀποστολέας ἰδεῖν αὐτοὺ; τὰ ἀγώγιμα, ἐνθυμουμένους ὅτι καὶ Σικυώνιοι ἀμελήσαντες τῶν τοιούτων μεγάλα ἐσφάλησαν. 
30.1	Προνοεῖν δὲ καὶ τὰ ἐπὶ πράσει εἰσαγόμενα καὶ εἰς τὴν ἀγορὰν ἐκτιθέμενα ὅπλα τά τε ἐπὶ τῶν καπηλείων καὶ παντοπωλείων, ὧν ἀθροισθέντων πλῆθός τι γένοιτʼ ἄν, ὅπως μηδενὶ ἕτοιμα ᾖ τῶν βουλομένων νεωτερίζειν· 
30.2	εὔηθες γὰρ τῶν μὲν ἀφικνουμένων ἀνδρῶν παραιρεῖσθαι τὰ ὅπλα, ἐν δὲ τῇ ἀγορᾷ καὶ ταῖς συνοικίαις ἀθρόα ὑπάρχειν σωράκους τε ἀσπιδίων καὶ ἐγχειριδίων κιβώτια. διὸ δεῖ τὰ εἰσαφικνούμενά τε καὶ ἠθροισμένα ὅπλα μὴ ἐκφέρεσθαί τε εἰς τὴν ἀγορὰν καὶ νυκτερεύειν ὅπου ἂν τύχῃ, ἀλλὰ πλὴν δείγματος τὸ ἄλλο πλῆθος πρὶν ἐκτίθοιτό τις, εἶναι δημοσίᾳ κρίνειν. 
31.1	Περὶ δὲ ἐπιστολῶν κρυφαίων παντοῖαι μέν εἰσιν αἱ πέμψεις, προσυγκεῖσθαι δὲ δεῖ τῷ πέμψαντι καὶ δεχομένῳ ἰδίᾳ· αἱ δὲ λανθάνουσαι μάλιστα τοιαίδε ἂν εἶεν. ἐπέμφθη ἐπιστολὴ ὧδε. 
31.2	εἰς φορτία ἢ ἄλλα σκεύη ἐνεβλήθη βυβλίον ἢ ἄλλο τι γράμμα τὸ τυχὸν καὶ μεγέθει καὶ παλαιότητι. ἐν τούτῳ δὲ γέγραπται ἡ ἐπιστολὴ ἐπιστιζομένων γραμμάτων τοῦ πρώτου στίχου ἢ δευτέρου ἢ τρίτου, ἐπιστιγμαῖς δὲ ἐλαχίσταις καὶ ἀδηλοτάταις πλὴν τῷ πεμπομένῳ. εἶτα ἀφικομένου τοῦ βυβλίου παρʼ ὃν δεῖ, ἐξεγράφετο καὶ τὰ ἐπισεσημασμένα γράμματα τιθεὶς ἐφεξῆς τὰ ἐκ τοῦ πρώτου στίχου καὶ δευτέρου καὶ τὰ ἄλλα ὡσαύτως, ἐγνώριζε τὰ ἐπισταλέντα. 
31.3	ὀλίγα δʼ ἄν τις θέλων ἐπιστεῖλαι καὶ ὧδε ποιήσαι, παρόμοιον τούτῳ. ἐπιστολὴν γράψαντα περί τινων φανερῶς ἐν πλείοσιν, ἐν ταύτῃ τῇ ἐπιστολῇ τὸ αὐτὸ ποιεῖν ἐπισημαινόμενον γράμματα, δι’ ὅτων ἐμφανιεῖς ἅπερ ἂν βούλῃ. τὴν δὲ ἐπισημασίαν εἶναι ὡς ἀδηλοτάτην ἐπιστιγμαῖς διὰ πολλοῦ ἢ γραμμαῖς παραμήκεσιν. ἃ τοῖς μὲν ἄλλοις μηδεμίαν ὑπόνοιαν ἕξει, τῷ δὲ πεμπομένῳ γνωστὴ ἔσται ἡ ἐπιστολή 
31.4	πεμπέσθω ἀνὴρ ἀγγελίαν φέρων τινὰ ἢ καὶ ἐπιστολὴν περὶ ἄλλων φανερῶν· τοῦ δὲ μέλλοντος πορεύεσθαι κρυφαίως αὐτοῦ εἰς τὸ τῶν ὑποδημάτων πέλμα ἐντεθήτω εἰς τὸ μεταξὺ βυβλίον καὶ καταρραπτέσθω, πρὸς δὲ τοὺς πηλοὺς καὶ τὰ ὕδατα εἰς κασσίτερον ἐληλασμένον λεπτὸν γραφέσθω πρὸς τὸ μὴ ἀφανίζεσθαι ὑπὸ τῶν ὑδάτων τὰ γράμματα. 
31.4a	ἀφικομένου δὲ παρʼ ὃν δεῖ, καὶ ἀναπαυομένου ἐν τῇ νυκτί, ἀναλυέτω τὰς ῥαφὰς τῶν ὑποδημάτων, καὶ ἐξελὼν καὶ ἀναγνούς, ἄλλα γράψας λάθρᾳ ἔτι καθεύδοντος καὶ ἐγκαταρράψας ἀποστελλέτω τὸν ἄνδρα, ἀνταγγείλας ἢ καὶ δούς τι φέρειν φανερῶς. 
31.5	οὕτως οὖν οὔτε ἄλλος οὔτε ὁ φέρων εἰδήσει· χρὴ δὲ τὰς ῥαφὰς τῶν ὑποδημάτων ὡς ἀδηλοτάτας ποιεῖν. 
31.6	Εἰς Ἔφεσον δʼ εἰσεκομίσθη γράμματα τρόπῳ τοιῷδε. ἄνθρωπος ἐπέμφθη ἐπιστολὴν ἔχων φύλλοις ἐγγεγραμμένην, τὰ δὲ φύλλα ἐφʼ ἕλκει καταδεδεμένα ἦν ἐπὶ κνήμην. 
31.7	εἰσενεχθείη δʼ ἂν γραφὴ καὶ ἐν τοῖς τῶν γυναικῶν ὠσὶν ἔχουσιν ἀντʼ ἐνωτίων ἐλασμοὺς ἐνειλημένους λεπτοὺς μολιβδίνους. 
31.8	ἐκομίσθη δὲ ἐπιστολὴ περὶ προδοσίας εἰς στρατόπεδον ἀντικαθημένων πολεμίων ὑπὸ τοῦ προδιδόντος ὧδε. τῶν ἐξιόντων ἱππέων ἐκ τῆς πόλεως εἰς προνομὴν τῶν πολεμίων ἑνὶ ἐγκατερράφη ὑπὸ τὰ πτερύγια τοῦ θώρακος βιβλίον· ᾧ ἐντέταλτο, ἐάν τις ἐπιφάνεια τῶν πολεμίων γένηται, πεσεῖν ἀπὸ τοῦ ἵππου ὡς ἄκοντα καὶ ζωγρηθῆναι. καὶ γενομένου δʼ ἐν τῷ στρατοπέδῳ ἀποδοθῆναι τὸ βυβλίον ᾧ ἔδει. ὑπηρέτησεν δʼ ὁ ἱππεὺς ἀδελφὸς ἀδελφῷ. 
31.9	ἄλλος δὲ ἱππέα ἐκπέμπων εἰς τὴν ἡνίαν τοῦ χαλινοῦ βυβλίον ἐνέρραψεν. ἐγένετο δὲ περὶ ἐπιστολὴν τοιόνδε. πόλεως γὰρ πολιορκουμένης ἐπεὶ παρῆλθεν ἔσω τῆς πόλεως ὁ κομίζων τὰς ἐπιστολὰς τῷ μὲν προδιδόντι καὶ τοῖς ἄλλοις οἷς ἔφερεν οὐκ ἀποδίδωσιν, πρὸς δὲ τὸν ἄρχοντα τῆς πόλεως ἦλθεν μηνύων καὶ τὰς ἐπιστολὰς ἐδίδου. 
31.9a	ὁ δʼ ἀκούσας ἐκέλευεν ταύτας μὲν τὰς ἐπιστολὰς οἷς ἔφερεν ἀποδοῦναι, τὰ δὲ παρʼ ἐκείνων, εἰ ἀληθές τι μηνύει, παρʼ αὐτὸν ἐνεγκεῖν· καὶ ὁ μηνύων ταῦτα ἔπραξεν. ὁ δὲ ἄρχων λαβὼν τὰς ἐπιστολὰς καὶ ἀνακαλεσάμενος τοὺς ἀνθρώπους τὰ σημεῖά τε ἐδείκνυεν τῶν δακτυλίων, ἅπερ ὡμολόγουν αὑτῶν εἶναι, καὶ λύων τὰ βιβλία ἐδήλου τὸ πρᾶγμα. 
31.9b	τεχνικῶς δὲ δοκεῖ φωρᾶσαι, ὅτι τὰς πεμπομένας παρὰ τοῦ ἀνθρώπου οὐκ ἀπέλαβεν· ἦν γὰρ αὐτοῖς ἀρνηθῆναι καὶ φάσκειν ἐπιβουλεύεσθαι ὑπό τινος. τὰς δʼ ἀνταποστελλομένας λαβὼν ἀναντιλέκτως ἤλεγξεν. 
31.10	Κομίζεται δὲ καὶ ὧδε. κύστιν ἰσομεγέθη ληκύθῳ ὁπόσῃ ἂν βούλῃ πρὸς τὸ πλῆθος τῶν γραφησομένων φυσήσαντα καὶ ἀποδήσαντα σφόδρα ξηρᾶναι, ἔπειτα ἐπʼ αὐτῆς γράψαι ὅ τι ἂν βούλῃ μέλανι κατακόλλῳ. 
31.11	ξηρανθέντων δὲ τῶν γραμμάτων ἐξελεῖν τὴν πνοὴν τῆς κύστιδος καὶ συμπιέσαντα εἰς τὴν λήκυθον ἐνθεῖναι· τὸ δὲ στόμα τῆς κύστιδος ὑπερεχέτω τοῦ στόματος τῆς ληκύθου. 
31.12	ἔπειτα φυσήσαντα τὴν κύστιν ἐν τῇ ληκύθῳ ἐνοῦσαν, ἵνα διευρυνθῇ ὡς μάλιστα, καὶ ἐλαίου ἐμπλήσαντα περιτεμεῖν τῆς κύστιδος τὸ ὑπερέχον τῆς ληκύθου καὶ προσαρμόσαι τῷ στόματι ὡς ἀδηλότατα, καὶ βύσαντα τὴν λήκυθον κομίζειν φανερῶς. διαφανές τε οὖν τὸ ἔλαιον ἔσται ἐν τῇ ληκύθῳ καὶ οὐδὲν ἄλλο φανεῖται ἐνόν. 
31.13	ὅταν δὲ ἔλθῃ παρʼ ὃν δεῖ, ἐξεράσας τὸ ἔλαιον ἀναγνώσεται φυσήσας τὴν κύστιν· καὶ ἐκσπογγίσας καὶ κατὰ ταὐτὰ εἰς τὴν αὐτὴν γράψας ἀποστελλέτω. 
31.14	ἤδη δέ τις ἐν δέλτου ξύλῳ γράψας κηρὸν ἐπέτηξεν καὶ ἄλλα εἰς τὸν κηρὸν ἐνέγραψεν. εἶτα ὅταν ἔλθῃ παρʼ ὃν ἔδει, ἐκκνήσας τὸν κηρὸν καὶ ἀναγνοὺς γράψας πάλιν ὡσαύτως ἐπέστειλεν. ἐνδέχεται δὲ καὶ εἰς πυξίον γράψαντα μέλανι ὡς βελτίστῳ ἐᾶν ξηρανθῆναι, ἔπειτα λευκώσαντα ἀφανίζειν τὰ γράμματα. ὅταν οὖν ἀφίκηται παρὰ τὸν πεμπόμενον, λαβόντα εἰς ὕδωρ θεῖναι τὸ πυξίον· φανεῖται οὖν ἐν τῷ ὕδατι ἀκριβῶς ἅπαντα τὰ γεγραμμένα. 
31.15	γράφοιτο δʼ ἂν καὶ εἰς πινάκιον ἡρωϊκὸν ἅπερ ἂν βούλῃ. ἔπειτα καταλευκῶσαι καὶ ξηράναντα γράψαι ἱππέα φωσφόρον ἢ ὅ τι ἂν βούλῃ, ἔχοντα ἱματισμὸν λευκὸν καὶ τὸν ἵππον λευκόν· εἰ δὲ μή, καὶ ἄλλῳ χρώματι, πλὴν μέλανος. ἔπειτα δοῦναί τινι ἀναθεῖναι ἐγγὺς τῆς πόλεως εἰς ὃ ἂν τύχῃ ἱερὸν ὡς εὐξάμενος. 
31.16	ὃν δὲ δεῖ ἀναγνῶναι τὰ γεγραμμένα, χρὴ ἐλθόντα εἰς τὸ ἱερὸν καὶ γνόντα τὸ πινάκιον συσσήμῳ τινὶ προσυγκειμένῳ, ἀπενέγκαντα εἰς οἶκον θεῖναι εἰς ἔλαιον· πάντα οὖν τὰ γεγραμμένα φανεῖται. Πασῶν δὲ ἀδηλοτάτη πέμψις, πραγματωδεστάτη δὲ νῦν μοι ἡ δι’ ἀγραμμάτων ἐμφανισθήσεται· 
31.17	ἔστι δὲ τοιάδε. ἀστράγαλον εὐμεγέθη τρυπῆσαι τρυπήματα εἴκοσι καὶ τέτταρα, ἓξ εἰς ἑκάστην πλευρὰν τοῦ ἀστραγάλου· ἔστω δὲ τὰ τρυπήματα τοῦ ἀστραγάλου στοιχεῖα. 
31.18	διαμνημόνευε δʼ ἀφʼ ἧς ἂν πλευρᾶς ἄρξῃ τὸ ἄλφα καὶ τὰ ἐχόμενα ἅπερ ἐν ἑκάστῃ πλευρᾷ γέγραπται. μετὰ δὲ ταῦτα, ὅταν τινὰ θέλῃς ἐν αὐτοῖς τίθεσθαι λόγον, λίνον διείρειν, οἷον, ἐὰν θέλῃς Αἰνείαν δηλοῦν ἐν τῇ διέρσει τοῦ λίνου ἀρξάμενος ἐκ τῆς πλευρᾶς τοῦ ἀστραγάλου ἐν ᾗ τὸ ἄλφα ἐστίν, δίειρον, καὶ παρελθὼν τὰ ἐχόμενα τούτου παραγράμματα, ὅταν ἔλθῃς εἰς πλευρὰν οὗ τὸ ἰῶτά ἐστιν, δίειρον πάλιν, παρεὶς δὲ τούτου τὰ ἐχόμενα, ὅπου συμβαίνει τὸ νῦ εἶναι, δίειρον καὶ πάλιν παρεὶς τὰ ἐχόμενα τούτου, ὅπου τὸ εἶ ἐστιν, δίειρον τὸ λίνον, καὶ οὕτω τὰ ἐπίλοιπα τοῦ λόγου ἀντιγράφων ἔνειρε εἰς τὰ τρυπήματα, 
31.19	ὥσπερ ὃ ἄρτι ἐθέμεθα ὄνομα. ἔσται οὖν περὶ τὸν ἀστράγαλον ἀγαθὶς λίνου τετολοπευμένη, δεήσει δὲ τὸν ἀναγιγνώσκοντα ἀναγράφεσθαι εἰς δέλτον τὰ δηλούμενα γράμματα ἐκ τῶν τρυπημάτων. ἀνάπαλιν δὲ γίγνεται ἡ ἔξερσις τῇ ἐνέρσει. διαφέρει δὲ οὐδὲν τὰ γράμματα ἀνάπαλιν γραφῆναι εἰς τὴν δέλτον· οὐδὲν γὰρ ἧττον γνωσθήσεται. καταμαθεῖν δὲ πλεῖον ἔργον ἐστὶν τὰ γεγραμμένα ἢ τὸ ἔργον αὐτὸ γενέσθαι. 
31.20	εὐτρεπέστερον δʼ ἂν τοῦτο γίγνοιτο ξύλου ὡς σπιθαμιαίου τρυπηθέντος ὅσα γε τὰ στοιχεῖα τῶν γραμμάτων· ἔπειτα ὡσαύτως ἐνείρειν τὸ λίνον εἰς τὰ τρυπήματα. ὅπου δʼ ἂν εἰς τὸ αὐτὸ τρύπημα συμβῇ δὶς ἐνείρεσθαι, ὥσπερ τὸ αὐτὸ γράμμα δὶς ἐφεξῆς γράφεσθαι, προπεριελίξαντα τὸ λίνον περὶ τὸ ξύλον ἐνείρειν. γίγνοιτο δʼ ἂν καὶ ὥδε. 
31.21	ἀντὶ τοῦ ἀστραγάλου καὶ ξύλου ποιήσαντα κύκλον ξύλινον λεᾶναι, καὶ τρῆσαι ἐφεξῆς κύκλῳ τὰ στοιχεῖα τῶν γραμμάτων τέτταρα καὶ εἴκοσι· ὑποψίας δʼ ἕνεκεν καὶ ἄλλα ἐν μέσῳ τοῦ κύκλου τρυπῆσαι, ἔπειτα οὕτω εἰς τὰ στοιχεῖα ἐφεξῆς ὄντα τὸ λίνον ἐνείρειν. 
31.22	ὅταν δὲ δὶς τὸ αὐτὸ γράμμα συμβαίνῃ γράφειν, ἐκ τῶν ἐν μέσῳ τρυπημάτων προενείραντα εἰς τὸ αὐτὸ γράμμα ἐνεῖραι· γράμμα δὲ λέγω τὸ τρύπημα. 
31.23	Ἤδη δέ τινες εἴς τι βιβλίον γράψαντες ὡς λεπτότατον μακροὺς στίχους καὶ λεπτὰ γράμματα, ἵνʼ ὡς εὐογκοτάτη γένηται ἡ ἐπιστολή, εἶτα ἐπὶ τῷ ὤμῳ τοῦ χιτῶνος ὑποθέντες καὶ ἀποπτύξαντες τοῦ χιτωνίσκου ἐπὶ τῷ ὤμῳ, ἀνύποπτος δὴ δοκεῖ εἶναι ἡ κομιδὴ τῆς ἐπιστολῆς καὶ ἐνδεδυκότος τινὸς τὸν χιτωνίσκον καὶ οὕτω φερομένου. 
31.24	Μαρτύριον δὲ ὅτι τὰ εἰσπεμπόμενα μετὰ ἐπιβουλῆς χαλεπὸν φυλάξαι. οἱ γοῦν περὶ Ἴλιον ἄνθρωποι καὶ ἐκ τοσούτου χρόνου καὶ οὕτω διατεταμένοι οὔπω δύνανται φυλάξαι μὴ εἰσελθεῖν αὐτοῖς τὰς Λοκρίδας· καίτοι τοσοῦτον αὐτοῖς ἐστιν ἡ σπουδὴ καὶ ἡ φυλακή. ἀλλʼ ὀλίγοι, προσέχοντες τῷ λαθεῖν, λανθάνουσιν ἀνὰ ἔτεα πολλὰ εἰσάγοντες σώματα. 
31.25	παρὰ δὲ τοῖς παλαιοτέροις καὶ τοιόνδε ποτὲ ἐτεχνάσθη. Ποτίδαιαν γὰρ θέλων προδοῦναι Τιμόξενος Ἀρταβάζῳ προσυνέθεντο ἀλλήλοις ὁ μὲν τῆς πόλεώς τι χωρίον, 
31.26	ὁ δὲ τοῦ στρατοπέδου, εἰς ὅπερ ἐτόξευον πᾶν ὅ τι ἤθελον ἀλλήλοις ἐμφανίσαι. ἐτεχνάζετο δὲ ὧδε· τοῦ τοξεύματος περὶ τὰς γλυφίδας ἑλίξαντες τὸ βιβλίον καὶ πτερώσαντες ἐτόξευον εἰς τὰ προσυγκείμενα χωρία. 
31.27	ἐγένετο δὲ καταφανὴς ὁ Τιμόξενος προδιδοὺς τὴν Ποτίδαιαν· τοξεύων γὰρ ὁ Ἀρτάβαζος εἰς τὸ προσυγκείμενον, ἁμαρτὼν τοῦ χωρίου διὰ πνεῦμα καὶ φαύλην πτέρωσιν, βάλλει ἀνδρὸς Ποτιδαιάτου τὸν ὦμον, τὸν δὲ βληθέντα περιέδραμεν ὄχλος, οἷα φιλεῖ γίγνεσθαι ἐν τῷ πολέμῳ· αὐτίκα δὲ τὸ τόξευμα λαβόντες ἔφερον ἐπὶ τοὺς στρατηγούς, καὶ οὕτως καταφανὴς ἐγένετο ἡ πρᾶξις. 
31.28	Ἱστιαῖος δὲ βουλόμενος τῷ Ἀρισταγόρᾳ σημῆναι ἀποστῆναι, ἄλλως μὲν οὐδαμῶς εἶχεν ἀσφαλῶς δηλῶσαι, ἅτε φυλασσομένων τῶν ὁδῶν καὶ οὐκ εὔπορον ὂν γράμματα λαθεῖν φέροντα, τῶν δὲ δούλων τὸν πιστότατον ἀποξυρήσας ἔστιξεν καὶ ἐπέσχεν ἕως ἀνέφυσαν αἱ τρίχες. 
31.29	ὡς δὲ ἀνέφυσαν τάχιστα, ἔπεμπεν εἰς Μίλητον, ἐπιστείλας τῷ ἐπεστιγμένῳ ἄλλο μὲν οὐδέν, ἐπειδὰν δʼ ἀφίκηται εἰς Μίλητον πρὸς Ἀρισταγόραν, κελεύειν ξυρήσαντα κατιδεῖν εἰς τὴν κεφαλήν. τὰ δὲ στίγματα ἐσήμαινεν ἃ ἔδει ποιεῖν. 
31.30	Γράφειν δὲ καὶ ὧδε. προσυνθέμενον τὰ φωνήεντα γράμματα ἐν κεντήμασι τίθεσθαι, ὁπόστον δʼ ἂν τύχῃ ἕκαστον ὄν, ἐν τοῖς γραφομένοις τοσαύτας στιγμὰς εἶναι. 
31.31	οἷον τόδε· Διονύσιος κόλος Δ:::·:Ν:::Σ:::·:ΣΚ·Λ:·:Σ Ἡρακλείδας ἡκέτω :·Ρ·ΚΛ··::Δ·Σ:·Κ··Τ:::· καὶ τόδε ἄλλο· ἀντὶ τῶν φωνηέντων γραμμάτων τίθεσθαι ὅ τι δή. καὶ τάδε· τὰ πεμπόμενα γράμματα εἴς τινα τόπον τῷ πεμπομένῳ δῆλον γίγνεσθαι ἐλθόντος τοῦ ἀνθρώπου εἰς τὴν πόλιν καὶ πωλοῦντός τι ἢ ὠνουμένου, ὅτι ἥκει αὐτῷ γράμματα καὶ κεῖται ἐν τῷ προρρηθέντι τόπῳ. καὶ οὕτως οὔτε ὁ φέρων οἶδεν ὅτῳ ἠνέχθη οὔτε ὁ λαβὼν γνωστὸς ἔσται ὅτι ἔχει. πολλοὶ δὲ κατʼ Ἤπειρον κυσὶν ἐχρησαντο ὧδε. 
31.32	ἀπαγαγόντες δέσμιον περιέθηκαν περὶ τὸν αὐχένα ἱμάντα, ἐν ᾧ ἐπιστολὴ ἐνέρραπτο. εἶτα ἀφῆκαν νυκτὸς ἢ μεθʼ ἡμέραν πρὸς ὃν ἐξ ἀνάγκης ἔμελλεν ἥξειν ὅθεν ἀπήχθη. ἔστι δὲ τοῦτο καὶ Θεσσαλόν. 
31.33	Χρὴ δὲ τὰς παραγιγνομένας εὐθὺς ἀνοίγειν δέλτους. Ἀστυάνακτι δὴ τυράννῳ Λαμψάκου πεμφθείσης ἐπιστολῆς ἐν ᾗ γεγραμμένα ἦν μηνύοντα τὴν ἐπιβουλὴν ἀφʼ ἧς ἀνῃρέθη, παρὰ τὸ μὴ εὐθὺς ἀνοῖξαι καὶ ἀναγνῶναι τὰ γεγραμμένα ἀλλὰ ἀμελήσαντος αὐτοῦ, πρὸς ἄλλοις δὲ γενομένου πρότερον, διεφθάρη, τὴν ἐπιστολὴν ἔχων περὶ τοὺς δακτύλους. 
31.34	διὰ τὴν αὐτὴν αἰτίαν καὶ ἐν Θήβαις ἡ Καδμεία κατελήφθη, τῆς τε Λέσβου ἐν Μυτιλήνῃ παραπλήσια τούτοις ἐπράχθη. 
31.35	Γλοῦς δὲ βασιλέως ναύαρχος παρὰ βασιλέα ἀναβάς, ἐπεὶ οὐχ οἷόν τε ἦν ὑπομνήματα ἐν βιβλίῳ ἔχοντα εἰσιέναι παρὰ βασιλέα (ἦν δὲ αὐτῷ περὶ πολλῶν τε καὶ μεγάλων διαμνημονευτέον), ἐγράψατο εἰς τὰ διαστήματα τῆς χειρὸς τῶν δακτύλων περὶ ὧν ῥητέον ἦν αὐτῷ. Περὶ τὴν τῶν τοιούτων ἐπιμέλειαν τῷ πυλωρῷ πονητέον, ὡς ἂν μηδὲν λανθάνῃ εἰς τὴν πόλιν εἰσφερόμενον μήτε ὅπλον μήτε γράμματα. 
32.1	Πρὸς δὲ τὰς τῶν ἐναντίων προσαγωγὰς μηχανήμασιν ἢ σώμασιν ἐναντιοῦσθαι ὧδε. πρῶτον μὲν εἰς τὰ ὑπεραιρόμενα ἐκ πύργων ἢ ἱστῶν ἢ τῶν ὁμοτρόπων τούτοις ἱστία, οἷς τὰ προσαχθέντα ὑπεραίρειν χρή, τισὶν ἀδιατμήτοις περιβληθέντα κατατετάσθαι ὑπὸ τενόντων. ἄλλα τε καὶ ὑποθυμιᾶν καπνὸν πολὺν ἱέντα καὶ ὑφάπτειν ὡς μέγιστον πῦρ πνέοντα· 
32.2	ἀνταείρεσθαι πύργους ξυλίνους ἢ ἄλλα ὕψη ἐκ φορμῶν πληρουμένων ψάμμου ἢ ἐκ λίθων ἢ ἐκ πλίνθων. ἴσχοιεν δʼ ἂν τὰ βέλη καὶ καλάμων ταρσοὶ ὀρθίων καὶ πλαγίων συντιθεμένων. 
32.3	ἡτοιμάσθαι δὲ καὶ τοῖς εἰς τὰ χείλη μηχανήμασιν εἰσπίπτουσιν κριῷ καὶ τοῖς ὁμοτρόποις τούτῳ, ἐρύματα, σάκκους ἀχύρων πληροῦντα προκρεμαννύειν καὶ ἀγγεῖα ἐρίων καὶ ἀσκοὺς βοείους νεοδάρτους πεφυσημένους ἢ πεπληρωμένους τινῶν καὶ ἄλλα τούτοις ὁμότροπα. 
32.4	καὶ ὅταν ἢ πύλην ἢ ἄλλο τι τοῦ τείχους διακόπτῃ, χρὴ βρόχῳ τὸ προΐσχον ἀναλαμβάνεσθαι, ἵνα μὴ δύνηται προσπίπτειν τὸ μηχάνημα. 
32.5	καὶ παρασκευάζεσθαι δὲ ὅπως λίθος ἁμαξοπληθὴς ἀφιέμενος ἐμπίπτῃ καὶ συντρίβῃ τὸ τρύπανον· τὸν δὲ λίθον ἀφίεσθαι ἀπὸ τῶν προωστῶν, ἐχόμενον ὑπὸ καρκίνων. 
32.6	ὅπως δὲ μὴ ἁμαρτάνῃ τοῦ τρυπάνου ὁ λίθος φερόμενος, κάθετον χρὴ προαφίεσθαι, καὶ ὅταν αὕτη πέσῃ ἐπὶ τὸ τρύπανον, 
32.7	εὐθὺ τὸν λίθον ἐπαφίεσθαι. ἄριστον δὲ πρὸς τὰ διακόπτοντα τὸ τεῖχος καὶ τόδε παρεσκευάσθαι. ὅταν γνῷς ᾗ προσάγεσθαι τοῦ τείχους, ταύτῃ χρὴ ἔσωθεν ἀντιπαρασκευάζειν ἀντίκριον, διορύξαντα τοῦ τείχους μέχρι τοῦ ἄλλου μέρους τῶν πλίνθων, ἵνα μὴ προΐδωσιν πρότερον οἱ πολέμιοι· ὅταν δὲ ἐγγὺς ᾖ τὸ διακόπτον, οὕτως ἔσωθεν τῷ ἀντικρίῳ παίειν· καὶ πολὺ ἰσχυρότερον ὁ ἀντίκριος γίνεσθαι. 
32.8	πρὸς δὲ τὰ μεγάλα μηχανήματα, ἐφʼ οἷς σώματά τε πολλὰ προσάγεται καὶ βέλη ἐξ αὐτῶν ἀφίεται ἄλλα τε καὶ καταπάλται καὶ σφενδόναι, εἰς δὲ τὰς ὀροφίνας οἰκίας καὶ πυρφόρα τοξεύματα, πρὸς δὲ ταῦτα τὰ μηχανήματα πρῶτον μὲν χρὴ τοὺς ἐν τῇ πόλει κρυφαίως ὑπορύσσειν κατὰ τὰς προσαγωγὰς τοῦ μηχανήματος, ἵνα οἱ τροχοὶ τῶν μηχανημάτων ἐμπίπτοντες δύνωσιν εἰς τὰ ὑπορύγματα· ἔπειτα ἔσωθεν ἀνταείρειν ἐκ φορμῶν πληρουμένων ψάμμου καὶ λίθων ἐκ τῶν ὑπαρχόντων ἔρυμα, ὅπερ τοῦ τε μηχανήματος ὑπερέξει καὶ τὰ ἐκ τῶν ἐναντίων βέλη ἀργὰ ποιήσει. 
32.9	προκαλύπτειν δὲ ἅμα τούτοις καὶ πυκνὰ παραπετάσματα ἢ ἱστία, ἐρύματα τῶν εἰσαφιεμένων βελῶν, ἅπερ σχήσει τε τὰ ὑπερπίπτοντα τῶν βελῶν, καὶ ῥᾳδίως συλλεγήσεται, 
32.10	χαμαιπετὲς δὲ μηδὲν ἔσται. τὸ δὲ αὐτὸ ποιεῖν καὶ ᾗ ἂν ἄλλῃ τοῦ τείχους ὑπερπετῆ γιγνόμενα τὰ βέλη τοὺς ὑπηρετοῦντάς τε καὶ τοὺς διαπορευομένους βλάπτῃ καὶ τιτρώσκῃ. 
32.11	ᾗ δὲ ἂν τοῦ τείχους χελώνη προσαχθεῖσα δύνηταί τι τοῦ τείχους διορύξαι ἢ καταβαλεῖν, ταύτῃ χρὴ ἀντιοῦσθαι παρεσκευασμένον. 
32.12	πρὸς μὲν τὸ διόρυγμα πῦρ ποιεῖν πολύ, πρὸς δὲ τὸ πέσημα τοῦ τείχους τάφρον ἔσωθεν ὀρύσσειν, ἵνα μὴ εἰσέλθωσιν· καὶ ἅμα ἀνταείρειν τειχίον τειχίζοντα πρότερον ἢ πεσεῖν τὸ τεῖχος, ᾗ διορύσσεται, ἂν μὴ ἄλλως δύνῃ κωλύειν. 
33.1	Χρὴ δὲ ταῖς προσενεχθείσαις χελώναις ἐπιχεῖν πίσσαν καὶ στυππεῖον καὶ θεῖον ἐπιβάλλειν, ἔπειτα φλογωθέντα φάκελλον καὶ ἐξάψαντα ἐπαφιέναι σχοίνῳ ἐπὶ τὴν χελώνην. τὰ δὲ τοιαῦτα προτεινόμενα ἀπὸ τοῦ τείχους ἐπιβάλλεται τοῖς προσαγομένοις μηχανήμασι. πιμπράναι χρὴ ταῦτα ὧδε. 
33.2	παρεσκευάσθω ξύλα οἷον ὕπερα, μεγέθει δὲ πολλῷ μείζω· καὶ εἰς μὲν τὰ ἄκρα τοῦ ξύλου κροῦσαι σιδήρια ὀξέα μικρότερα καὶ μείζω, περὶ δὲ τὰ ἄλλα μέρη τοῦ ξύλου καὶ ἄνω καὶ κάτω χωρὶς πυρὸς σκευασίας ἰσχυράς· τὸ δὲ εἶδος γενέσθω οἷον κεραυνὸς τῶν γραφομένων. τοῦτο δὲ ἀφίεσθαι χρὴ ἐς τὸ προσαγόμενον μηχάνημα ἐσκευασμένον οὕτως ὥστε ἐμπήγνυσθαι εἰς τὸ μηχάνημα, καὶ ἐπιμένειν τὸ πῦρ ἐμπαγέντος αὐτοῦ. 
33.3	ἔπειτʼ ἄν τινες ὦσι τῆς πόλεως ξύλινοι μόσυνες ἢ τοῦ τείχεός τι, χρὴ τούτοις ὑπάρχειν πρὸς τὸ μὴ ἐμπίμπρασθαι ὑπὸ τῶν πολεμίων πίλους καὶ βύρσας πρὸς τὴν ἔπαλξιν. 
33.4	ἐὰν δὲ ἐμπρησθῶσιν πύλαι, προσφέρεσθαι ξύλα, καὶ ἐμβάλλοντα ὡς μέγιστον τὸ πῦρ ποιεῖν, μέχρι οὗ ἂν ταφρεύσῃς τὰ ἔσωθεν, καὶ ἀντιδείμῃς ἐκ τῶν σοι συνυπαρχόντων τάχιστα· εἰ δὲ μή, ἐκ τῶν ἐγγύτατα οἰκιῶν καθαιροῦντα. 
34.1	Ἐὰν δέ τι οἱ πολέμιοι πειρῶνται ἐμπιμπράναι ἰσχυρᾷ σκευασίᾳ πυρός, σβεννύειν χρὴ αὐτὸ ὄξει· οὐ γὰρ ἔτι ῥᾳδίως ἐξάπτεται. μᾶλλον δὲ ἰξῷ προαλείφειν· τούτου γὰρ πῦρ οὐχ ἅπτεται. 
34.2	τοὺς δὲ κατασβεννύντας ἀπὸ τῶν ὑψηλοτέρων ἔχειν περὶ τὸ πρόσωπον ἔρυμα, ἵνα ἧσσον ὀχλῶνται προσαϊσσούσης αὐτοῖς τῆς φλογός. 
35.1	Αὐτὸν δὲ πῦρ σκευάζειν ἰσχυρὸν ὧδε, ὅπερ οὐ πάνυ τι κατασβέννυται. πίσσαν, θεῖον, στυππεῖον, μάνναν λιβανωτοῦ, δᾳδὸς πρίσματα ἐν ἀγγείοις ἐξάπτοντα προσφέρειν, ἐὰν βούλῃ τῶν πολεμίων τι ἐμπρησθῆναι. 
36.1	Ταῖς δὲ τῶν κλιμάκων προσθέσεσιν ἀντιοῦσθαι ὧδε. ἐὰν μὲν ὑπερέχῃ τοῦ τείχους ἡ κλῖμαξ προστεθεῖσα, χρή, ὅταν ἐπʼ ἄκρων ᾖ ὁ ἀναβαίνων, τότε ἀπῶσαι τὸν ἄνδρα ἢ τὴν κλίμακα ξύλῳ δικρῷ, ἐὰν μὴ ἄλλως κωλύειν δύνῃ διὰ τὸ ὑποτοξεύεσθαι· 
36.2	ἐὰν δὲ ἀρτία ᾖ τῷ τείχει ἡ κλῖμαξ, τὴν μὲν κλίμακα οὐχ οἷόν τε ἀπωθεῖν, τὰ δὲ ὑπερβαίνοντα χρὴ ἀπῶσαι. ἐὰν δὲ ταῦτα μὲν ἀδύνατα δοκῇ εἶναι, πεποιῆσθαι χρὴ οἷον θύραν ἐκ σανίδων, ἔπειτʼ ἐπὰν προσφέρηται ἡ κλῖμαξ, προϋποτιθέναι τῇ κλίμακι τῇ προσφερομένῃ· ὅταν δὲ προσίῃ ἡ κλῖμαξ πρὸς τὴν θύραν, ἐξ ἀνάγκης ὑπαχθείσης τῆς θύρας ἡ κλῖμαξ πίπτει, σπονδύλου προϋποτιθεμένου, οὐδὲ προσσταθῆναι δυνήσεται. 
37.1	Τοὺς δὲ ὑπορύσσοντας ὧδε κωλύειν. ἐὰν δοκῇς ὑπορύσσεσθαι, ὡς βαθυτάτην ἐκτὸς χρὴ τὴν τάφρον ὀρύσσεσθαι, ὅπως εἰς τὴν τάφρον τὸ ὑπόρυγμα ἀφίκηται καὶ οἱ ὑπορύσσοντες ὀφθῶσιν. 
37.2	ἐὰν δέ σοι ὑπάρχῃ, καὶ τειχίον τειχίσαι εἰς αὐτὴν ὡς ἰσχυροτάτων καὶ μεγίστων λίθων. ἐὰν δὲ μὴ ὑπάρχῃ τειχίσαι λίθοις, 
37.3	ξύλων φορυτὸν κομίσαντα ... ἂν δὲ τὰ ὑπορύγματα τῆς τάφρου πῃ προσπέσῃ, ταύτῃ ἐπιβάλλοντα ξύλα καὶ τὸν φορυτὸν ἐμπρῆσαι καὶ τὰ ἄλλα κατασκεπάσαι, ὅπως ὁ καπνὸς εἰς τὸ διόρυγμα πορεύσηται καὶ κακῶς ποιήσῃ τοὺς ἐν τῷ ὀρύγματι ὄντας· ἐνδέχεται δὲ καὶ πολλοὺς ἀπολέσθαι αὐτῶν ὑπὸ τοῦ καπνοῦ. 
37.4	ἤδη δέ τινες καὶ σφῆκας καὶ μελίσσας εἰς τὸ διόρυγμα ἀφέντες ἐλυμήναντο τοὺς ἐν τῷ ὀρύγματι ὄντας. 
37.5	χρὴ δὲ ἁπλῶς εἰπεῖν καθʼ ὅν τινα τόπον ὀρύσσουσιν ἀνθυπορύσσειν καὶ ἀντιοῦσθαι καὶ ἐμπιμπράναι ... 
37.6	τὸ ἐν τῷ ὀρύγματι μαχόμενον. παλαιὸν δέ τι λέγεται ... Ἄμασιν Βαρκαίους πολιορκοῦντα, ἐπεὶ ἐπεχείρει ὀρύσσειν. οἱ δὲ Βαρκαῖοι αἰσθόμενοι τὸ ἐπιχείρημα τοῦ Ἀμάσιδος, ἠποροῦντο μὴ λάθῃ ἢ φθάσῃ, ἔπειτα ἀνὴρ χαλκεὺς ἀνεῦρεν ἐνθυμήσας· ἀσπίδος χάλκωμα περιφέρων ἐντὸς τοῦ τείχεος ἐπάνω προσίσχεν πρὸς τὸ δάπεδον. 
37.7	τῇ μὲν δὴ ἄλλῃ κωφὰ ἦν πρὸς ἃ προσίσχοι τὸ χάλκωμα· ᾗ δὲ ὑπωρύσσετο, ἀντήχει. ἀντορύσσοντες οὖν οἱ Βαρκαῖοι ταύτῃ, ἀπέκτειναν πολλοὺς τῶν ὑπορυσσόντων. ὅθεν καὶ νῦν χρῶνται τούτῳ τῷ ἐνθυμήματι γνωρίζοντες ᾗ ὑπορύσσεται. 
37.8	Καὶ οἷς μὲν προσήκει τὰ ἐκ τῶν ἐναντίων τεχνάσματα καταντῶντα ἀμύνειν δεδήλωται· τοῖς δὲ ὑπορύσσειν μέλλουσιν ὧδʼ ἂν γένοιτο ἰσχυρότατον φράγμα. 
37.9	χρὴ δύο ἁμαξῶν τοὺς ῥυμοὺς εἰς τὸ αὐτὸ δῆσαι, συμπετάσαντα κατὰ τὸ ἕτερον μέρος τῆς ἁμάξης, ὅπως μετεωρισθῶσιν οἱ ῥυμοὶ εἰς τὸ αὐτὸ νεύοντες· ἔπειτα οὕτως ἐπισυνδεῖν ἄλλα ξύλα καὶ ῥίπους καὶ ἄλλα φράγματα ἐπάνω, ταῦτα δὲ πηλῷ καταλεῖψαι. ἔσται οὖν τοῦτο καὶ προσαγαγεῖν ὅπου βούλει τοὺς τροχοὺς καὶ ἀπαγαγεῖν, ὑπὸ δὲ τούτῳ τῷ φράγματι τοὺς ὑπορύσσοντας εἶναι. 
38.1	Ἐν δὲ ταῖς προσβολαῖς τῶν πολεμίων πρὸς τὸ τεῖχος μηχανήμασιν ἢ καὶ σώμασι χρὴ διατετάχθαι τοὺς ἐν τῇ πόλει μαχομένους τρία μέρη, ὅπως οἱ μὲν μάχωνται, οἱ δὲ ἀναπαύωνται, οἱ δὲ παρασκευάζωνται, καὶ νεοκμῆτες ἀεὶ ἐπὶ τοῦ τείχους ὦσιν. 
38.2	δεῖ δέ τινας καὶ ἄλλους ἐπιλελεγμένους πλήθει πλείονι μετὰ τοῦ στρατηγοῦ ξυμπεριιέναι κύκλῳ τὸ τεῖχος, ἐπικουροῦντας ἀεί τινι πονουμένῳ μέρει· τὸ γὰρ ἐπιὸν μᾶλλον οἱ πολέμιοι φοβοῦνται τοῦ ὑπάρχοντος καὶ παρόντος ἤδη. τάς τε κύνας δεσμεῖν τὸν καιρὸν τοῦτον· 
38.3	μετὰ γὰρ ὅπλων καὶ θορύβου τῶν ἀνθρώπων τρεχόντων κατὰ τὴν πόλιν δι’ ἀήθειαν ὁρμῶσαι αἱ κύνες ὀχλοῖεν ἂν προσκείμεναι. 
38.4	Τοῖς τε ἐπὶ τῷ τείχει μαχομένοις παραινεῖν οἷα ἑκάστῳ δεῖ, τοὺς μὲν ἐπαινοῦντα, τῶν δὲ δεόμενον· ὀργῇ δὲ μηδένα μετιέναι μηδὲ τῶν τυχόντων ἀνθρώπων· 
38.5	ἀθυμότεροι γὰρ εἶεν ἄν. εἰ δέ τινας δεῖ μετιέναι ἀμελοῦντας καὶ ἀκοσμοῦντας, τοὺς τὰ πλεῖστα κεκτημένους καὶ ἐν τῇ πόλει δυνάμεως μάλιστα μετέχοντας· εἴη γὰρ ἄν τι τοιοῦτο καὶ τοῖς ἄλλοις παράδειγμα. ἐν οἷς καιροῖς ἕκαστα τούτων δεῖ παρεῖναι, ἐν τοῖς Ἀκούσμασι γέγραπται. 
38.6	χερμάδια δὲ μὴ ἐπιτρέπειν ἀκαίρως ἀφιέναι, παρεσκευάσθαι δὲ ὅπως καὶ τὰ ἀφεθέντα ἐν τῇ ἡμέρᾳ ἐν νυκτὶ ἀναλέγηται ὧδε. 
38.7	κατακρεμαννύειν χρὴ ἐν κοφίνοις ἄνδρας κατὰ τοῦ τείχεος οἵτινες ἀναλέξουσιν· τοὺς δὲ ἄνδρας χρὴ τοὺς ἀναλέξαντας τὰ χερμάδια ἀναβαίνειν εἰς τὸ τεῖχος, κατακρεμασθέντων δικτύων συείων ἢ ἐλαφείων ἢ ταῖς ἐκ τῶν σχοινίων κλίμαξι πεποιημέναις. 
38.8	ταύτας δʼ ἴσας εἶναι τὸν ἀριθμὸν τοῖς ἀναλέγουσιν ἀνθρώποις, ὅπως, ἐάν τινες πονῶσιν, ταχὺ ἀναβαίνωσιν· πύλας γὰρ μὴ ἀνοίγεσθαι νυκτός, ἀλλὰ ταῖς τοιαύταις κλίμαξι χρῆσθαι καὶ ἄν τινα βούλησθε. 
39.1	Χρὴ δὲ πολιορκουμένους καὶ τὰ τοιαῦτα τεχνάζειν. ἐν ταῖς πύλαις καὶ εἰς τὸ ἔσω μᾶλλον μέρος ὀρύξαντα τάφρον ἔνθεν καὶ ἔνθεν πάροδον λιπόντα, ἔπειτα ἐπεξελθόντας τινὰς ἀκροβολίζεσθαι καὶ προάγειν τῶν πολεμίων ὥστε συνεισδραμεῖν εἰς τὴν πόλιν. 
39.2	τοὺς μὲν οὖν ἐκ τῆς πόλεως καταφεύγοντας εἰς τὴν πόλιν χρὴ ἔνθεν καὶ ἔνθεν παρὰ τὰς λελειμμένας παρόδους εἰστρέχειν· τοὺς δὲ τῶν πολεμίων συνειστρέχοντας εἰκός ἐστι, μὴ προειδότας τὴν τάφρον, ἅμα τε καὶ κεκρυμμένης οὔσης, εἰσπίπτειν καὶ φθείρεσθαι ὑπὸ τῶν ἔσω τῆς πόλεως ἐν τῷ καιρῷ τούτῳ· τούτων δʼ εἶναι συντεταγμένους τινὰς ἐν ταῖς διόδοις καὶ πρὸς τοῖς ὀρύγμασι τῶν πυλῶν χώραις. 
39.3	ἐὰν δὲ πλείονες τῶν πολεμίων ἐπεισφέρωνται καὶ βούλῃ αὐτοὺς κατέχειν, χρὴ ἡτοιμάσθαι ἄνωθεν ἀπὸ τοῦ μεσοπύλου πύλην ξύλων ὡς παχυτάτων καὶ σεσιδηρῶσθαι αὐτήν. 
39.4	ὅταν οὖν βούλῃ ἀπολαβεῖν τοὺς εἰστρέχοντας πολεμίους, ταύτην ἀφιέναι ὀρθήν· καὶ αὐτή τέ τινας ἡ πύλη φερομένη διαφθερεῖ καὶ τοὺς πολεμίους σχήσει μὴ εἰσιέναι, ἅμα δὲ καὶ τῶν ἐπὶ τῷ τείχει βαλλόντων τοὺς πρὸς ταῖς πύλαις πολεμίους. 
39.5	χρὴ δὲ τοῖς φίλοις ἀεὶ προειρῆσθαι, ἐάν ποτε αὐτοῖς πολέμιοι συνεισπίπτωσιν, ὅπῃ τῆς πόλεως συναθροισθήσονται, ὅπως τῷ τόπῳ οἱ φίλοι διαγιγνώσκωνται· οὐ γὰρ ῥᾴδιον μιγάδας τε ὄντας μεθʼ ὅπλων καὶ μετὰ θορύβων συνεισπίπτοντας διαγιγνώσκεσθαι. 
39.6	ἤδη δὲ τοῖς θρασυνομένοις τε λίαν καὶ προσπελάζουσι τῷ τείχει ἐγγυτέρω τοῦ προσήκοντος νυκτὸς ἢ μεθʼ ἡμέραν, βρόχους ἡμέρας μὲν κρυφαίως κατεσκεύασαν νυκτὸς δὲ ἀκρύπτους, οἷς προκαλούμενοι ἀκροβολισμοῖς τὸν εἰσπεσόντα ἀνασπάσουσιν. 
39.7	ἔστω δὲ ὁ μὲν βρόχος ὅπλου ὡς ἰσχυροτάτου, τὸ δὲ ἕλκον ἐπὶ δύο πήχεις ἅλυσις, τοῦ μὴ διατμηθῆναι· τὸ δʼ ἄλλο, ὅθεν ἕλκουσι, σχοίνου. ὅλος δὲ ἔσω κατακρέμαται καὶ ἀνασπᾶται ὅπλοις ἢ κηλωνείοις. οἱ δὲ πολέμιοι ἐὰν διατέμνειν ἐπιχειρῶσι, πρὸς ταῦτα πάλιν οἱ ἔσωθεν κηλωνείοις χρῶνται καθιέντες, ἵνα μὴ διατέμνηται· αἱ γὰρ ἁλύσεις πρὸς τὰ τοιαῦτα πραγματῶδες καὶ δυσμεταχείριστον, ἅμα δὲ καὶ ἀλυσιτελές. 
40.1	Ἄν ᾖ ἡ πόλις μεγάλη καὶ μὴ ἱκανοὶ ὦσιν οἱ ἐν τῇ πόλει ἄνθρωποι περιίστασθαι ἐν κύκλῳ τὴν πόλιν, τοῖς δὲ ὑπάρχουσι θέλῃς αὐτὴν διαφυλάξαι, χρὴ τῆς πόλεως ὅσα ἂν ᾖ εὐπρόσοδα οἰκοδομεῖν ὕψη ἐκ τῶν ὑπαρχόντων, ἵνα, ἄν τινες τῶν πολεμίων ἢ λαθραίως ἢ βίᾳ ἀναβῶσιν, ἐν ἀπειρίᾳ γενόμενοι μὴ δύνωνται καταπηδᾶν ἀφʼ ὑψηλῶν, ἅμα παντάπασι μὴ ἔχοντες ὅπῃ καταβαίνωσιν. παρὰ δὲ τὰ ᾠκοδομημένα ἔνθεν καὶ ἔνθεν φυλασσόντων ἐκ τῶν ὑπαρχόντων ἀνθρώπων, ἵνα τοὺς καταπηδῶντας ἀπὸ τῶν ὑψηλῶν διαφθείρωσιν. 
40.2	Διονύσιος δὲ πόλιν ὑποχείριον ποιησάμενος, ἀνδρῶν τῶν μὲν ἐν τῇ πόλει τεθνηκότων, τῶν δὲ πεφευγότων, ἠθέλησε κατασχεῖν· ἦν δὲ μείζων ἢ ὥστε ὑπʼ ὀλίγων φυλάσσεσθαι. 
40.3	ἐπιμελητὰς μὲν οὖν τινὰς μετʼ ὀλίγων οὓς ἐνεδέχετο ἐπέστησε, τῶν δὲ ἐν τῇ πόλει τὰ μέγιστα δυναμένων τοῖς οἰκέταις συνῴκισεν τῶν δεσποτῶν τὰς θυγατέρας καὶ γυναῖκας καὶ ἀδελφάς· οὕτω γὰρ οὖν ᾤετο μάλιστα πολεμιωτάτους ἔσεσθαι τοῖς δεσπόταις καὶ αὑτῷ πιστοτέρους. 
40.4	Σινωπεῖς δὲ πρὸς Δαταμᾶν πολεμοῦντες ἐπεὶ ἐν κινδύνῳ ἦσαν καὶ σπάνει ἀνδρῶν, τῶν γυναικῶν τὰ ἐπιεικέστατα σώματα μορφώσαντες καὶ ὁπλίσαντες ὡς ἐς ἄνδρας μάλιστα, ἀντὶ ὅπλων καὶ περικεφαλαίων τούς τε κάδους καὶ τὰ ὁμότροπα τούτοις δόντες χαλκώματα, περιῆγον τοῦ τείχους ᾗ μάλιστα οἱ πολέμιοι ὄψεσθαι ἔμελλον. 
40.5	βάλλειν δὲ οὐκ εἴων αὐτάς· πόρρωθεν γὰρ κατάδηλος βάλλουσα γυνή. ποιοῦντες δὲ ταῦτα τοὺς αὐτομόλους ἐφύλασσον μὴ διαγγελθῇ. 
40.6	Ἐὰν δὲ θέλῃς ἐπὶ τῷ τείχει περιόδους πλείους φαίνεσθαι, χρὴ περιιέναι ἐπὶ δύο, ἔχοντας τὰ δόρατα τὸν ἕνα στίχον ἐπὶ τῷ ἀριστερῷ ὤμῳ, τὸν δʼ ἕτερον ἐπὶ τῷ δεξιῷ· καὶ οὕτω φανοῦνται εἰς τέσσαρας. 
40.7	ἐὰν δὲ κατὰ τρία περιίωσι, τὸν μὲν πρῶτον ἄνδρα ἐπὶ τῷ δεξιῷ ὤμῳ ἔχειν τὸ δόρυ, τὸν δʼ ἕτερον ἐπὶ τῷ ἀριστερῷ· καὶ οἱ ἄλλοι κατὰ ταὐτά. καὶ οὕτω φανοῦνται εἷς δύο. 
40.8	Περὶ δὲ τροφῆς ἀσίτου καὶ ὧν σπάνις ἐν πολιορκίᾳ καὶ ὑδάτων ὡς δεῖ πότιμα ποιεῖν, ἐν τῇ Παρασκευαστικῇ βύβλῳ δεδήλωται. ἐπεὶ δὲ ταῦθʼ ἡμῖν εἴρηται, περὶ ναυτικῆς τάξεως δίειμι. Ναυτικοῦ δὲ στρατεύματος δύο εἰσὶ στόλοι... 
